10000000	MARKDEF1100	Bundesbank
10010010	PBNKDEFFXXX	Postbank Ndl der Deutsche Bank
10010123	QNTODEB2XXX	OLINDA Zweigniederlassung Deutschland
10010178	REVODEB2XXX	Revolut Bank, Zweigniederlassung Deutschland
10010200	TRZODEB2XXX	Treezor, Berlin
10010300	KLRNDEBEXXX	Klarna Bank German Branch
10010424	AARBDE5W100	Aareal Bank
10010500	AFOPDEB2XXX	Noelse Pay
10010700	FPEGDEB2XXX	Financiere des Paiements Electroniques NL Deutschland
10011001	NTSBDEB1XXX	N26 Bank
10012345	TRBKDEBBXXX	Trade Republic Bank
10014000	SWNBDEBBXXX	Swan Zweigniederlassung Deutschland
10014001	SWNBDEBBXXX	Swan Zweigniederlassung Deutschland (Geschäftsfeld)
10017997	HOLVDEB1XXX	Holvi Payment Services Zweigniederlassung Deutschland
10018000	FNOMDEB2XXX	Finom Payments Zweigniederlassung Deutschland
10019000	ADYBDEB2XXX	Adyen, German Branch
10020200	BHFBDEFF100	BHF-BANK
10020500	BFSWDE33BER	SozialBank
10020510	BFSWDE33BER	SozialBank
10020520	BFSWDE33BER	SozialBank
10020890	HYVEDEMM488	UniCredit Bank - HypoVereinsbank
10030400	ABKBDEB1XXX	ABK Allgemeine Beamten Bank
10030500	LOEBDEBBXXX	M.M. Warburg & Co (vormals Bankhaus Löbbecke)
10033300	SCFBDE33XXX	Openbank Deutschland
10040000	COBADEBBXXX	Commerzbank, Filiale Berlin 1
10040005	COBADEBBXXX	Commerzbank, Filiale Berlin 3
10040010	COBADEFFXXX	Commerzbank, CC SP
10040048	COBADEFFXXX	Commerzbank GF-B48
10040060	COBADEFFXXX	Commerzbank Gf 160
10040061	COBADEFFXXX	Commerzbank Gf 161
10040062	COBADEFFXXX	Commerzbank CC
10040063	COBADEFFXXX	Commerzbank CC
10040085	COBADEFFXXX	Commerzbank, Gf Web-K
10045050	COBADEFFXXX	Commerzbank Service-BZ
10050000	BELADEBEXXX	BSK 1818 - Berliner Sparkasse
10050020	SKPADEB1XXX	S-Kreditpartner, Berlin
10050500	LBSODEB1BLN	LBS Landesbausparkasse NordOst
10050999	DGZFDEFFBER	DekaBank
10060198	GENODED1PA6	Pax-Bank
10061006	GENODED1KDB	Bank für Kirche und Diakonie - KD-Bank Gf Sonder-BLZ
10070000	DEUTDEBBXXX	Deutsche Bank
10070024	DEUTDEDBBER	Deutsche Bank
10070100	DEUTDEBB101	Deutsche Bank
10070124	DEUTDEDB101	Deutsche Bank
10070324	DEUTDEDBP30	Postbank/DSL Ndl der Deutsche Bank
10070397	DEUTDEBBP30	Postbank/DSL Ndl der Deutsche Bank
10070398	DEUTDEBBP31	Postbank/DSL Ndl der Deutsche Bank
10070399	DEUTDEBBP32	Postbank/DSL Ndl der Deutsche Bank
10070848	DEUTDEDB110	Deutsche Bank
10071324	DEUTDEDBP31	Postbank/DSL Ndl der Deutsche Bank
10072324	DEUTDEDBP32	Postbank/DSL Ndl der Deutsche Bank
10077777	NORSDE51XXX	norisbank
10080000	DRESDEFF100	Commerzbank vormals Dresdner Bank Filiale Berlin I
10080005	DRESDEFFI26	Commerzbank vormals Dresdner Bank Zw A
10080006	DRESDEFFXXX	Commerzbank vormals Dresdner Bank Zw B
10080055	DRESDEFF112	Commerzbank vormals Dresdner Bank Zw 55
10080057	DRESDEFF114	Commerzbank vormals Dresdner Bank Gf ZW 57
10080085	DRESDEFFI53	Commerzbank vormals Dresdner Bank Gf PCC DCC-ITGK 3
10080086	DRESDEFFI71	Commerzbank vormals Dresdner Bank, PCC DCC-ITGK 4
10080087	DRESDEFFI72	Commerzbank vormals Dresdner Bank, PCC DCC-ITGK 5
10080088	DRESDEFFXXX	Commerzbank vormals Dresdner Bank IBLZ
10080089	DRESDEFFI73	Commerzbank vormals Dresdner Bank, PCC DCC-ITGK 6
10080900	DRESDEFF199	Commerzbank vormals Dresdner Bank Filiale Berlin III
10089260	DRESDEFFI14	Commerzbank vormals Dresdner Bank ITGK
10089999	DRESDEFFI99	Commerzbank vormals Dresdner Bank ITGK 2
10090000	BEVODEBBXXX	Berliner Volksbank
10090300	GENODEF1BSB	Bank für Schiffahrt (BFS) Fil d Ostfr VB Leer
10090900	GENODEF1P01	PSD Bank Berlin-Brandenburg -alt-
10110300	MACODEB1XXX	Westend Bank
10110400	IBBBDEBBXXX	Investitionsbank Berlin
10110600	QUBKDEBBXXX	Quirin Privatbank
10120100	WELADED1WBB	Weberbank
10130600	ISBKDEFXXXX	Isbank Fil Berlin
10130800	BIWBDE33XXX	flatexDEGIRO Bank
10220500	BOFSDEB1XXX	Lloyds Bank
10220600	SYBKDE22BER	Sydbank Filiale Berlin
10310600	TRDADEB1PBK	Tradegate Berlin
10310666	TRDADEBBDIR	Tradegate, GF DIR
10320700	MPAYDEB2XXX	MANGOPAY German Branch
11010100	SOBKDEBBXXX	Solaris
11010101	SOBKDEB2XXX	Solaris
11010111	PNTADEBBXXX	Solaris
12016836	KFWIDEFF100	KfW Kreditanstalt für Wiederaufbau
12030000	BYLADEM1001	Deutsche Kreditbank Berlin
12030030	BYLADEM1001	Deutsche Kreditbank (Gf WP)
12030900	MEFIDEMM100	Merck Finck A Quintet Private Bank
12040000	COBADEBB120	Commerzbank Filiale Berlin 2
12050555	NOLADE21DVS	ZVA Norddeutsche Landesbank Gf SA
12060000	GENODEFF120	DZ BANK
12070000	DEUTDEBB160	Deutsche Bank
12070024	DEUTDEDB160	Deutsche Bank
12070070	DEUTDEFFVAC	Deutsche Bank
12070088	DEUTDEDBPAL	Deutsche Bank
12070400	DEUTDEBBP33	Postbank/DSL Ndl der Deutsche Bank
12070424	DEUTDEDBP33	Postbank/DSL Ndl der Deutsche Bank
12080000	DRESDEFF120	Commerzbank vormals Dresdner Bank Filiale Berlin II
12096597	GENODEF1S10	Sparda-Bank Berlin
13000000	MARKDEF1130	Bundesbank
13040000	COBADEFFXXX	Commerzbank
13050000	NOLADE21ROS	Ostseesparkasse Rostock
13051042	NOLADE21RUE	Sparkasse Vorpommern auf Rügen
13061008	GENODEF1WOG	Volksbank Wolgast -alt-
13061078	GENODEF1HWI	Volks- und Raiffeisenbank
13061088	GENODEF1HWR	Raiffeisenbank Wismar -alt-
13061128	GENODEF1DBR	Raiffeisenbank
13070000	DEUTDEBRXXX	Deutsche Bank
13070024	DEUTDEDBROS	Deutsche Bank
13070405	DEUTDEBBP35	Postbank/DSL Ndl der Deutsche Bank
13070424	DEUTDEDBP35	Postbank/DSL Ndl der Deutsche Bank
13080000	DRESDEFF130	Commerzbank vormals Dresdner Bank
13090000	GENODEF1HR1	Rostocker Volks- und Raiffeisenbank -alt-
13091054	GENODEF1HST	Volksbank Vorpommern
13091084	GENODEF1HWV	Volksbank Wismar -alt-
14040000	COBADEFFXXX	Commerzbank
14051000	NOLADE21WIS	Sparkasse Mecklenburg-Nordwest
14051362	NOLADE21PCH	Sparkasse Parchim-Lübz
14051462	NOLADE21SNS	Sparkasse Schwerin -alt-
14052000	NOLADE21LWL	Sparkasse Mecklenburg-Schwerin
14061308	GENODEF1GUE	VR Bank Mecklenburg
14061438	GENODEF1GDB	Raiffeisen-Volksbank -alt-
14080000	DRESDEFF140	Commerzbank vormals Dresdner Bank
14080011	DRESDEFFI27	Commerzbank vormals Dresdner Bank Zw W
14091464	GENODEF1SN1	VR-Bank -alt-
15000000	MARKDEF1150	Bundesbank
15040068	COBADEFFXXX	Commerzbank
15050100	NOLADE21WRN	Müritz-Sparkasse
15050200	NOLADE21NBS	Sparkasse Neubrandenburg-Demmin
15050400	NOLADE21PSW	Sparkasse Uecker-Randow
15050500	NOLADE21GRW	Sparkasse Vorpommern
15051732	NOLADE21MST	Sparkasse Mecklenburg-Strelitz
15061618	GENODEF1WRN	Raiffeisenbank Mecklenburger Seenplatte
15061638	GENODEF1ANK	Volksbank Vorpommern -alt-
15061698	GENODEF1MAL	Raiffeisenbank Malchin -alt-
15080000	DRESDEFF150	Commerzbank vormals Dresdner Bank
15091674	GENODEF1DM1	Volksbank Demmin
15091704	GENODEF1PZ1	VR-Bank Uckermark-Randow
16010300	ILBXDE8XXXX	Investitionsbank des Landes Brandenburg
16020086	HYVEDEMM470	UniCredit Bank - HypoVereinsbank
16040000	COBADEFFXXX	Commerzbank
16050000	WELADED1PMB	Mittelbrandenburgische Sparkasse in Potsdam
16050101	WELADED1PRP	Sparkasse Prignitz
16050202	WELADED1OPR	Sparkasse Ostprignitz-Ruppin
16050500	LBSODEB1XXX	LBS Landesbausparkasse NordOst
16060122	GENODEF1PER	Volks- und Raiffeisenbank Prignitz
16061938	GENODEF1NPP	Raiffeisenbank Ostprignitz-Ruppin
16062008	GENODEF1LUK	VR-Bank Fläming-Elsterland
16062073	GENODEF1BRB	Brandenburger Bank
16080000	DRESDEFF160	Commerzbank vormals Dresdner Bank
16091994	GENODEF1RN1	Volksbank Rathenow
17020086	HYVEDEMM471	UniCredit Bank - HypoVereinsbank
17040000	COBADEFFXXX	Commerzbank
17052000	WELADED1GZE	Sparkasse Barnim
17052302	WELADED1UMX	Stadtsparkasse Schwedt
17054040	WELADED1MOL	Kreissparkasse Märkisch-Oderland
17055050	WELADED1LOS	Sparkasse Oder-Spree
17056060	WELADED1UMP	Sparkasse Uckermark
17062428	GENODEF1BKW	Raiffeisenbank-Volksbank Oder-Spree
17080000	DRESDEFF170	Commerzbank vormals Dresdner Bank
17092404	GENODEF1FW1	VR Bank Fürstenwalde Seelow Wriezen
18020086	HYVEDEMM472	UniCredit Bank - HypoVereinsbank
18040000	COBADEFFXXX	Commerzbank
18050000	WELADED1CBN	Sparkasse Spree-Neiße
18051000	WELADED1EES	Sparkasse Elbe-Elster
18055000	WELADED1OSL	Sparkasse Niederlausitz
18062678	GENODEF1FWA	VR Bank Lausitz
18062758	GENODEF1FOR	VR Bank Forst -alt-
18080000	DRESDEFF180	Commerzbank vormals Dresdner Bank
18092684	GENODEF1LN1	Spreewaldbank
18092744	GENODEF1SPM	Volksbank Spree-Neiße
20000000	MARKDEF1200	Bundesbank
20010020	PBNKDEFFXXX	Postbank Ndl der Deutsche Bank
20010424	AARBDE5W200	Aareal Bank ehem. Filiale Hamburg
20020200	ESSEDEFFHAM	Skandinaviska Enskilda Banken (publ) Hamburg Branch
20020500	JYBADEHHXXX	Jyske Bank Fil Hamburg
20020900	SIBSDEHHXXX	Signal Iduna Bauspar
20030000	HYVEDEMM300	UniCredit Bank - HypoVereinsbank
20030133	VGAGDEHHXXX	Ascory Bank
20030300	CHDBDEHHXXX	DONNER & REUSCHEL
20030301	CHDBDEHHXXX	Donner + Reuschel GF NL LUX
20030400	MCRDDEHHXXX	Marcard, Stein & Co Bankiers
20030600	SYBKDE22HAM	Sydbank Fil Hamburg
20030700	MEFIDEMM200	Merck Finck A Quintet Private Bank
20040000	COBADEHHXXX	Commerzbank
20040005	COBADEHHXXX	Commerzbank, Filiale Hamburg 2
20040020	COBADEFFXXX	Commerzbank, CC SP
20040040	COBADEFFXXX	Commerzbank GF RME
20040048	COBADEFFXXX	Commerzbank GF-H48
20040050	COBADEFFXXX	Commerzbank GF COC
20040060	COBADEFFXXX	Commerzbank Gf 260
20040061	COBADEFFXXX	Commerzbank Gf 261
20040062	COBADEFFXXX	Commerzbank CC
20040063	COBADEFFXXX	Commerzbank CC
20041111	COBADEHDXXX	Commerzbank - GF comdirect
20041133	COBADEHD001	Commerzbank - GF comdirect
20041144	COBADEHD044	Commerzbank - GF comdirect
20041155	COBADEHD055	Commerzbank - GF comdirect
20041166	COBADEHD066	Commerzbank - GF comdirect
20041177	COBADEHD077	Commerzbank - GF comdirect
20041188	COBADEHD088	Commerzbank - GF comdirect
20041199	COBADEHD099	Commerzbank - GF comdirect
20050550	HASPDEHHXXX	Hamburger Sparkasse
20060000	GENODEFF200	DZ BANK
20069111	GENODEF1NDR	Norderstedter Bank -alt-
20069125	GENODEF1KLK	Kaltenkirchener Bank -alt-
20069130	GENODEF1BBR	Raiffeisenbank -alt-
20069144	GENODEF1SST	Raiffeisenbank
20069177	GENODEF1GRS	Raiffeisenbank
20069232	GENODEF1STV	Raiffeisenbank -alt-
20069641	GENODEF1OWS	Raiffeisenbank Owschlag
20069780	GENODEF1AST	Volksbank Ahlerstedt
20069782	GENODEF1APE	Volksbank Geest
20069786	GENODEF1DRO	Volksbank Kehdingen Zndl. der Ostfriesischen Volksbank
20069800	GENODEF1HAA	Spar- und Kreditbank
20069812	GENODEF1FRB	Volksbank Fredenbeck
20069815	GENODEF1815	Volksbank
20069861	GENODEF1RRZ	Raiffeisenbank -alt-
20069882	GENODEF1RLT	Raiffeisenbank Travemünde -alt-
20069965	GENODEF1WIM	Volksbank Winsener Marsch
20069989	GENODEF1WUL	Volksbank Wulfsen -alt-
20070000	DEUTDEHHXXX	Deutsche Bank
20070024	DEUTDEDBHAM	Deutsche Bank
20070404	DEUTDEHHP34	Postbank/DSL Ndl der Deutsche Bank
20070424	DEUTDEDBP34	Postbank/DSL Ndl der Deutsche Bank
20080000	DRESDEFF200	Commerzbank vormals Dresdner Bank
20080055	DRESDEFF207	Commerzbank vormals Dresdner Bank Zw 55
20080057	DRESDEFF208	Commerzbank vormals Dresdner Bank Gf ZW 57
20080085	DRESDEFFI56	Commerzbank vormals Dresdner Bank Gf PCC DCC-ITGK 2
20080086	DRESDEFFI63	Commerzbank vormals Dresdner Bank, PCC DCC-ITGK 3
20080087	DRESDEFFI64	Commerzbank vormals Dresdner Bank, PCC DCC-ITGK 4
20080088	DRESDEFFI74	Commerzbank vormals Dresdner Bank, PCC DCC-ITGK 5
20080089	DRESDEFFI75	Commerzbank vormals Dresdner Bank, PCC DCC-ITGK 6
20080091	DRESDEFFJ33	Commerzbank vormals Dresdner Bank, PCC DCC-ITGK 7
20080092	DRESDEFFJ34	Commerzbank vormals Dresdner Bank, PCC DCC-ITGK 8
20080093	DRESDEFFJ35	Commerzbank vormals Dresdner Bank, PCC DCC-ITGK 9
20080094	DRESDEFFJ36	Commerzbank vormals Dresdner Bank, PCC DCC-ITGK 10
20080095	DRESDEFFJ37	Commerzbank vormals Dresdner Bank, PCC DCC-ITGK 11
20089200	DRESDEFFI06	Commerzbank vormals Dresdner Bank ITGK
20090400	DGHYDEH1XXX	DZ HYP
20090700	EDEKDEHHXXX	Edekabank
20090745	EDEKDEHHXXX	EBANK Gf Cash
20090900	GENODEF1P08	PSD Bank Nord
20110022	PBNKDEFFXXX	Postbank Ndl der Deutsche Bank
20110700	BOTKDEH1XXX	MUFG Bank (Europe) Germany Branch
20110800	BKCHDEFFHMB	Bank of China Fil Hamburg
20120000	BEGODEHHXXX	Joh. Berenberg, Gossler & Co
20120100	WBWCDEHHXXX	M.M. Warburg & CO
20120200	BHFBDEFF200	BHF-BANK
20120400	DRBKDEH1XXX	start:bausparkasse
20120520	BFSWDE33HAN	SozialBank
20120600	GOGODEH1XXX	Goyer & Göppel
20120700	HSTBDEHHXXX	Hanseatic Bank
20130400	GREBDEH1XXX	GRENKE BANK
20130600	BARCDEHAXXX	BAWAG Niederlassung Deutschland
20133300	SCFBDE33XXX	Openbank Deutschland
20190003	GENODEF1HH2	Hamburger Volksbank
20190077	GENODEF1HH2	Hamburger Volksbank (Gf GAA)
20190109	GENODEF1HH4	Volksbank Raiffeisenbank
20190206	GENODEF1HH1	Volksbank Hamburg Ost-West -alt-
20190301	GENODEF1HH3	Vierländer Volksbank -alt-
20190800	GENODEF1MKB	MKB Mittelstandskreditbank
20210200	MELIDEHHXXX	Bank Melli Iran
20210300	SIHRDEH1HAM	Bank Saderat Iran
20220100	DNBADEHXXXX	DNB Bank ASA - Filiale Deutschland
20220800	SXPYDEHHXXX	Banking Circle - German Branch
20230300	OSCBDEH1XXX	Otto M. Schröder Bank
20230600	ISBKDEFXXXX	Isbank Berlin
20230800	MHSBDEHBXXX	Sutor Bank
20310300	EIHBDEHHXXX	Europäisch-Iranische Handelsbank
20690500	GENODEF1S11	Sparda-Bank Hamburg
20730001	HYVEDEMME01	UniCredit Bank - HVB Settlement EAC01
20730002	HYVEDEMME02	UniCredit Bank - HVB Settlement EAC02
20730003	HYVEDEMME03	UniCredit Bank - HVB Settlement EAC03
20730004	HYVEDEMME04	UniCredit Bank - HVB Settlement EAC04
20730005	HYVEDEMME05	UniCredit Bank - HVB Settlement EAC05
20730006	HYVEDEMME06	UniCredit Bank - HVB Settlement EAC06
20730007	HYVEDEMME07	UniCredit Bank - HVB Settlement EAC07
20730008	HYVEDEMME08	UniCredit Bank - HVB Settlement EAC08
20730009	HYVEDEMME09	UniCredit Bank - HVB Settlement EAC09
20730010	HYVEDEMME10	UniCredit Bank - HVB Settlement EAC10
20730011	HYVEDEMME11	UniCredit Bank - HVB Settlement EAC11
20730012	HYVEDEMME12	UniCredit Bank - HVB Settlement EAC12
20730013	HYVEDEMME13	UniCredit Bank - HVB Settlement EAC13
20730014	HYVEDEMME14	UniCredit Bank - HVB Settlement EAC14
20730015	HYVEDEMME15	UniCredit Bank - HVB Settlement EAC15
20730016	HYVEDEMME16	UniCredit Bank - HVB Settlement EAC16
20730017	HYVEDEMME17	UniCredit Bank - HVB Settlement EAC17
20730018	HYVEDEMME18	UniCredit Bank - HVB Settlement EAC18
20730019	HYVEDEMME19	UniCredit Bank - HVB Settlement EAC19
20730020	HYVEDEMME20	UniCredit Bank - HVB Settlement EAC20
20730021	HYVEDEMME21	UniCredit Bank - HVB Settlement EAC21
20730022	HYVEDEMME22	UniCredit Bank - HVB Settlement EAC22
20730023	HYVEDEMME23	UniCredit Bank - HVB Settlement EAC23
20730024	HYVEDEMME24	UniCredit Bank - HVB Settlement EAC24
20730025	HYVEDEMME25	UniCredit Bank - HVB Settlement EAC25
20730026	HYVEDEMME26	UniCredit Bank - HVB Settlement EAC26
20730027	HYVEDEMME27	UniCredit Bank - HVB Settlement EAC27
20730028	HYVEDEMME28	UniCredit Bank - HVB Settlement EAC28
20730029	HYVEDEMME29	UniCredit Bank - HVB Settlement EAC29
20730030	HYVEDEMME30	UniCredit Bank - HVB Settlement EAC30
20730031	HYVEDEMME31	UniCredit Bank - HVB Settlement EAC31
20730032	HYVEDEMME32	UniCredit Bank - HVB Settlement EAC32
20730033	HYVEDEMME33	UniCredit Bank - HVB Settlement EAC33
20730034	HYVEDEMME34	UniCredit Bank - HVB Settlement EAC34
20730035	HYVEDEMME35	UniCredit Bank - HVB Settlement EAC35
20730036	HYVEDEMME36	UniCredit Bank - HVB Settlement EAC36
20730037	HYVEDEMME37	UniCredit Bank - HVB Settlement EAC37
20730038	HYVEDEMME38	UniCredit Bank - HVB Settlement EAC38
20730039	HYVEDEMME39	UniCredit Bank - HVB Settlement EAC39
20730040	HYVEDEMME40	UniCredit Bank - HVB Settlement EAC40
20730041	HYVEDEMME41	UniCredit Bank - HVB Settlement EAC41
20730042	HYVEDEMME42	UniCredit Bank - HVB Settlement EAC42
20730043	HYVEDEMME43	UniCredit Bank - HVB Settlement EAC43
20730044	HYVEDEMME44	UniCredit Bank - HVB Settlement EAC44
20730045	HYVEDEMME45	UniCredit Bank - HVB Settlement EAC45
20730046	HYVEDEMME46	UniCredit Bank - HVB Settlement EAC46
20730047	HYVEDEMME47	UniCredit Bank - HVB Settlement EAC47
20730048	HYVEDEMME48	UniCredit Bank - HVB Settlement EAC48
20730049	HYVEDEMME49	UniCredit Bank - HVB Settlement EAC49
20730050	HYVEDEMME50	UniCredit Bank - HVB Settlement EAC50
20730052	HYVEDEMME52	UniCredit Bank - HVB Settlement EAC52
20730055	HYVEDEMME55	UniCredit Bank - HVB Settlement EAC55
20730056	HYVEDEMME56	UniCredit Bank - HVB Settlement EAC56
20730057	HYVEDEMME57	UniCredit Bank - HVB Settlement EAC57
20730058	HYVEDEMME58	UniCredit Bank - HVB Settlement EAC58
20730059	HYVEDEMME59	UniCredit Bank - HVB Settlement EAC59
20730060	HYVEDEMME60	UniCredit Bank - HVB Settlement EAC60
20730061	HYVEDEMME61	UniCredit Bank - HVB Settlement EAC61
20730062	HYVEDEMME62	UniCredit Bank - HVB Settlement EAC62
20730063	HYVEDEMME63	UniCredit Bank - HVB Settlement EAC63
20730064	HYVEDEMME64	UniCredit Bank - HVB Settlement EAC64
20730065	HYVEDEMME65	UniCredit Bank - HVB Settlement EAC65
20730066	HYVEDEMME66	UniCredit Bank - HVB Settlement EAC66
20730067	HYVEDEMME67	UniCredit Bank - HVB Settlement EAC67
20730068	HYVEDEMME68	UniCredit Bank - HVB Settlement EAC68
20730069	HYVEDEMME69	UniCredit Bank - HVB Settlement EAC69
20730070	HYVEDEMME70	UniCredit Bank - HVB Settlement EAC70
20730071	HYVEDEMME71	UniCredit Bank - HVB Settlement EAC71
20730072	HYVEDEMME72	UniCredit Bank - HVB Settlement EAC72
20730073	HYVEDEMME73	UniCredit Bank - HVB Settlement EAC73
20730074	HYVEDEMME74	UniCredit Bank - HVB Settlement EAC74
20730075	HYVEDEMME75	UniCredit Bank - HVB Settlement EAC75
20730076	HYVEDEMME76	UniCredit Bank - HVB Settlement EAC76
20730077	HYVEDEMME77	UniCredit Bank - HVB Settlement EAC77
20730078	HYVEDEMME78	UniCredit Bank - HVB Settlement EAC78
20730079	HYVEDEMME79	UniCredit Bank - HVB Settlement EAC79
20730080	HYVEDEMME80	UniCredit Bank - HVB Settlement EAC80
20730081	HYVEDEMME81	UniCredit Bank - HVB Settlement EAC81
20730082	HYVEDEMME82	UniCredit Bank - HVB Settlement EAC82
20730083	HYVEDEMME83	UniCredit Bank - HVB Settlement EAC83
20730084	HYVEDEMME84	UniCredit Bank - HVB Settlement EAC84
20730085	HYVEDEMME85	UniCredit Bank - HVB Settlement EAC85
20730086	HYVEDEMME86	UniCredit Bank - HVB Settlement EAC86
20730087	HYVEDEMME87	UniCredit Bank - HVB Settlement EAC87
20730088	HYVEDEMME88	UniCredit Bank - HVB Settlement EAC88
20730089	HYVEDEMME89	UniCredit Bank - HVB Settlement EAC89
20730090	HYVEDEMME90	UniCredit Bank - HVB Settlement EAC90
20730091	HYVEDEMME91	UniCredit Bank - HVB Settlement EAC91
20730092	HYVEDEMME92	UniCredit Bank - HVB Settlement EAC92
20730093	HYVEDEMME93	UniCredit Bank - HVB Settlement EAC93
20730094	HYVEDEMME94	UniCredit Bank - HVB Settlement EAC94
20730095	HYVEDEMME95	UniCredit Bank - HVB Settlement EAC95
20730096	HYVEDEMME96	UniCredit Bank - HVB Settlement EAC96
20730097	HYVEDEMME97	UniCredit Bank - HVB Settlement EAC97
20730098	HYVEDEMME98	UniCredit Bank - HVB Settlement EAC98
20730099	HYVEDEMME99	UniCredit Bank - HVB Settlement EAC99
20750000	NOLADE21HAM	Sparkasse Harburg-Buxtehude
21020600	SYBKDE22KIE	Sydbank Filiale Kiel
21040010	COBADEFFXXX	Commerzbank
21042076	COBADEFFXXX	Commerzbank
21050000	HSHNDEHHXXX	Hamburg Commercial Bank
21050055	HHDBDEH2XXX	Hamburg Commercial Bank, Gf Hamburg Direct Bank
21050170	NOLADE21KIE	Förde Sparkasse
21051275	NOLADE21BOR	Bordesholmer Sparkasse
21051580	NOLADE21PLN	Sparkasse Kreis Plön -alt-
21052090	NOLADE21ECK	Sparkasse Eckernförde -alt-
21070020	DEUTDEHH210	Deutsche Bank
21070024	DEUTDEDB210	Deutsche Bank
21080050	DRESDEFF210	Commerzbank vormals Dresdner Bank
21089201	DRESDEFFI07	Commerzbank vormals Dresdner Bank ITGK
21090007	GENODEF1KIL	Kieler Volksbank
21090099	GENODEF1KIL	Kieler Volksbank (Gf GAA)
21090900	GENODEF1P11	PSD Bank Kiel -alt-
21092023	GENODEF1EFO	Eckernförder Bank Volksbank-Raiffeisenbank
21240040	COBADEFFXXX	Commerzbank
21241540	COBADEFFXXX	Commerzbank
21270020	DEUTDEHH212	Deutsche Bank
21270024	DEUTDEDB212	Deutsche Bank
21280002	DRESDEFF212	Commerzbank vormals Dresdner Bank
21290016	GENODEF1NMS	VR Bank Neumünster -alt-
21340010	COBADEFFXXX	Commerzbank
21352240	NOLADE21HOL	Sparkasse Holstein
21390008	GENODEF1NSH	VR Bank zwischen den Meeren
21392218	GENODEF1EUT	Volksbank Eutin Raiffeisenbank
21440045	COBADEFFXXX	Commerzbank
21450000	NOLADE21RDB	Sparkasse Mittelholstein
21451205	NOLADE21BDF	Sparkasse Büdelsdorf -alt-
21452030	NOLADE21HWS	Sparkasse Hohenwestedt -alt-
21463603	GENODEF1NTO	Volksbank-Raiffeisenbank im Kreis Rendsburg -alt-
21464671	GENODEF1TOB	Raiffeisenbank
21480003	DRESDEFF214	Commerzbank vormals Dresdner Bank
21510600	SYBKDE22XXX	Sydbank Filiale Flensburg
21520100	UNBNDE21XXX	Union-Bank Flensburg
21540060	COBADEFFXXX	Commerzbank
21565316	GENODEF1HDW	Raiffeisenbank -alt-
21570011	DEUTDEHH215	Deutsche Bank
21570024	DEUTDEDB215	Deutsche Bank
21570202	DEUTDEHHP01	Postbank/DSL Ndl der Deutsche Bank
21570224	DEUTDEDBP01	Postbank/DSL Ndl der Deutsche Bank
21580000	DRESDEFF215	Commerzbank vormals Dresdner Bank
21661719	GENODEF1RSL	VR Bank Flensburg-Schleswig -alt-
21690020	GENODEF1SLW	VR Bank Schleswig-Mittelholstein -alt-
21740043	COBADEFFXXX	Commerzbank
21741674	COBADEFFXXX	Commerzbank
21741825	COBADEFFXXX	Commerzbank
21750000	NOLADE21NOS	Nord-Ostsee Sparkasse
21751230	NOLADE21BRD	Spar- und Leihkasse zu Bredstedt -alt-
21762550	GENODEF1HUM	VR Bank Schleswig-Holstein Mitte
21763542	GENODEF1BDS	VR Bank Nord
21770011	DEUTDEHH217	Deutsche Bank
21770024	DEUTDEDB217	Deutsche Bank
21791805	GENODEF1SYL	Sylter Bank
21791906	GENODEF1WYK	Vereinigte VR Bank
21840078	COBADEFFXXX	Commerzbank
21841328	COBADEFFXXX	Commerzbank
21852310	NOLADE21WEB	Sparkasse Hennstedt-Wesselburen -alt-
21860418	GENODEF1RHE	Raiffeisenbank Heide -alt-
21890022	GENODEF1DVR	Dithmarscher Volks- und Raiffeisenbank
22140028	COBADEFFXXX	Commerzbank
22141028	COBADEFFXXX	Commerzbank
22141428	COBADEFFXXX	Commerzbank
22141628	COBADEFFXXX	Commerzbank
22150000	NOLADE21ELH	Sparkasse Elmshorn
22151730	NOLADE21WED	Stadtsparkasse Wedel
22163114	GENODEF1HTE	Raiffeisenbank Elbmarsch
22180000	DRESDEFF221	Commerzbank vormals Dresdner Bank
22181400	DRESDEFF206	Commerzbank vormals Dresdner Bank
22190030	GENODEF1ELM	Volksbank Elmshorn -alt-
22191405	GENODEF1PIN	VR Bank in Holstein
22240073	COBADEFFXXX	Commerzbank
22250020	NOLADE21WHO	Sparkasse Westholstein
22280000	DRESDEFF201	Commerzbank vormals Dresdner Bank
22290031	GENODEF1VIT	VR Itzehoe Norderstedt Hohenwestedt -alt-
23040022	COBADEFFXXX	Commerzbank
23050101	NOLADE21SPL	Sparkasse zu Lübeck
23051030	NOLADE21SHO	Sparkasse Südholstein
23052750	NOLADE21RZB	Kreissparkasse Herzogtum Lauenburg
23061220	GENODEF1LZN	Raiffeisenbank Leezen
23062124	GENODEF1BAR	Raiffeisenbank -alt-
23063129	GENODEF1RLB	Raiffeisenbank
23064107	GENODEF1BCH	Raiffeisenbank -alt-
23070203	DEUTDEHHP02	Postbank/DSL Ndl der Deutsche Bank
23070224	DEUTDEDBP02	Postbank/DSL Ndl der Deutsche Bank
23070700	DEUTDEDB237	Deutsche Bank
23070710	DEUTDEHH222	Deutsche Bank
23080040	DRESDEFF230	Commerzbank vormals Dresdner Bank
23089201	DRESDEFFI08	Commerzbank vormals Dresdner Bank ITGK
23090142	GENODEF1HLU	Volksbank Lübeck
24040000	COBADEFFXXX	Commerzbank
24050110	NOLADE21LBG	Sparkasse Lüneburg
24060300	GENODEF1NBU	Volksbank Lüneburger Heide
24061392	GENODEF1DAB	Volksbank Bleckede-Dahlenburg -alt-
24070024	DEUTDEDB240	Deutsche Bank
24070075	DEUTDE2H240	Deutsche Bank
24070324	DEUTDEDBP22	Postbank/DSL Ndl der Deutsche Bank
24070368	DEUTDE2HP22	Postbank/DSL Ndl der Deutsche Bank
24080000	DRESDEFF240	Commerzbank vormals Dresdner Bank
24090041	GENODEF1LUE	Volksbank Lüneburg -alt-
24121000	GENODED1RKI	Ritterschaftliches Kreditinstitut Stade
24140041	COBADEFFXXX	Commerzbank
24150001	BRLADE21CUX	Stadtsparkasse Cuxhaven
24151005	NOLADE21STS	Sparkasse Stade-Altes Land
24151116	NOLADE21STK	Kreissparkasse Stade
24151235	BRLADE21ROB	Sparkasse Rotenburg Osterholz
24161594	GENODEF1SIT	Zevener Volksbank -alt-
24162898	GENODEF1LAS	Spar- u Darlehnskasse Börde Lamstedt-Hechthausen
24180000	DRESDEFF242	Commerzbank vormals Dresdner Bank
24180001	DRESDEFF241	Commerzbank vormals Dresdner Bank
24191015	GENODEF1SDE	Volksbank Stade-Cuxhaven
25000000	MARKDEF1250	Bundesbank
25010030	PBNKDEFFXXX	Postbank Ndl der Deutsche Bank
25010424	AARBDE5W250	Aareal Bank ehem. Filiale Hannover
25010600	DEHYDE2HXXX	NORD/LB vormals Deutsche Hypothekenbank
25010900	CKVHDE21XXX	Calenberger Kreditverein
25020200	BHFBDEFF250	BHF-BANK
25020600	SCFBDE33XXX	Openbank Deutschland
25040060	COBADEFFXXX	Commerzbank CC
25040061	COBADEFFXXX	Commerzbank CC
25040066	COBADEFFXXX	Commerzbank
25050000	NOLADE2HXXX	Norddeutsche Landesbank Girozentrale
25050055	NOLADE21CSH	ZVA Norddeutsche Landesbank SH
25050066	NOLADE21CMV	ZVA Norddeutsche Landesbank Gf MV
25050180	SPKHDE2HXXX	Sparkasse Hannover
25050299	SPKHDE2HXXX	Kreissparkasse Hannover -alt-
25055500	NOLADE21LBS	LBS Landesbausparkasse NordWest
25060000	GENODEFF250	DZ BANK
25060180	HALLDE2HXXX	M.M. Warburg & Co (vormals Bankhaus Hallbaum)
25069168	GENODEF1DES	Volks- und Raiffeisenbank Leinebergland -alt-
25069262	GENODEF1NST	Raiffeisen-Volksbank Neustadt
25069270	GENODEF1MUA	Volksbank Aller-Oker
25069503	GENODEF1BNT	Volksbank Diepholz-Barnstorf -alt-
25070024	DEUTDEDBHAN	Deutsche Bank
25070066	DEUTDE2H265	Deutsche Bank
25070070	DEUTDE2HXXX	Deutsche Bank
25070077	DEUTDE2H256	Deutsche Bank
25070084	DEUTDE2H258	Deutsche Bank
25070086	DEUTDE2H251	Deutsche Bank
25070324	DEUTDEDBP24	Postbank/DSL Ndl der Deutsche Bank
25070370	DEUTDE2HP24	Postbank/DSL Ndl der Deutsche Bank
25080020	DRESDEFF250	Commerzbank vormals Dresdner Bank
25080085	DRESDEFFI65	Commerzbank vormals Dresdner Bank, PCC DCC-ITGK 2
25089220	DRESDEFFI09	Commerzbank vormals Dresdner Bank ITGK
25090300	GENODEF1BFS	Bank für Schiffahrt (BFS) Fil d Ostfr VB Leer
25090500	GENODEF1S09	Sparda-Bank Hannover
25090900	GENODEF1P09	PSD Bank
25120510	BFSWDE33HAN	SozialBank
25151270	NOLADE21BAH	Stadtsparkasse Barsinghausen
25151371	NOLADE21BUF	Stadtsparkasse Burgdorf -alt-
25152375	NOLADE21WAL	Kreissparkasse Fallingbostel in Walsrode
25152490	NOLADE21WST	Stadtsparkasse Wunstorf -alt-
25190001	VOHADE2HXXX	Hannoversche Volksbank
25190088	VOHADE2HXXX	Hannoversche Volksbank GS nur für GAA
25193331	GENODEF1PAT	Volksbank
25250001	NOLADE21PEI	Kreissparkasse Peine -alt-
25260010	GENODEF1PEV	Volksbank Peine -alt-
25410200	BHWBDE2HXXX	BHW Bausparkasse
25440047	COBADEFFXXX	Commerzbank
25450001	NOLADE21HMS	Stadtsparkasse Hameln -alt-
25450110	NOLADE21SWB	Sparkasse Hameln-Weserbergland
25451345	NOLADE21PMT	Stadtsparkasse Bad Pyrmont
25462160	GENODEF1HMP	Volksbank Hameln-Stadthagen
25462680	GENODEF1COP	Volksbank im Wesertal
25470024	DEUTDEDB254	Deutsche Bank
25470073	DEUTDE2H254	Deutsche Bank
25471024	DEUTDEDB264	Deutsche Bank
25471073	DEUTDE2H264	Deutsche Bank
25480021	DRESDEFF254	Commerzbank vormals Dresdner Bank
25491273	GENODED1AEZ	Volksbank Aerzen -alt-
25541426	COBADEFFXXX	Commerzbank
25551480	NOLADE21SHG	Sparkasse Schaumburg
25591413	GENODEF1BCK	Volksbank in Schaumburg und Nienburg
25621327	OLBODEH2XXX	Oldenburgische Landesbank AG
25641302	COBADEFFXXX	Commerzbank
25650106	NOLADE21NIB	Sparkasse Nienburg
25651325	BRLADE21DHZ	Kreissparkasse Grafschaft Diepholz -alt-
25662540	GENODEF1STY	Volksbank -alt-
25663584	GENODEF1HOY	Volksbank Aller-Weser -alt-
25690009	GENODEF1NIN	Volksbank Nienburg -alt-
25691633	GENODEF1SUL	Volksbank Niedersachsen-Mitte
25691699	GENODEF1SUL	Volksbank Niedersachsen-Mitte (Gf GAA)
25740061	COBADEFFXXX	Commerzbank
25750001	NOLADE21CEL	Sparkasse Celle -alt-
25761894	GENODEF1WIK	Volksbank Wittingen-Klötze -alt-
25770024	DEUTDEDB257	Deutsche Bank
25770069	DEUTDE2H257	Deutsche Bank
25780022	DRESDEFF257	Commerzbank vormals Dresdner Bank
25791516	GENODEF1HKB	Volksbank Hankensbüttel-Wahrenholz -alt-
25791635	GENODEF1HMN	Volksbank Südheide - Isenhagener Land - Altmark
25840048	COBADEFFXXX	Commerzbank
25841403	COBADEFFXXX	Commerzbank
25841708	COBADEFFXXX	Commerzbank
25850110	NOLADE21UEL	Sparkasse Uelzen Lüchow-Dannenberg
25851660	NOLADE21SOL	Kreissparkasse Soltau
25861990	GENODEF1CLZ	Volksbank Clenze-Hitzacker -alt-
25862292	GENODEF1EUB	Volksbank Uelzen-Salzwedel
25863489	GENODEF1WOT	VR PLUS Altmark-Wendland
25891636	GENODEF1SOL	Volksbank Lüneburger Heide -alt-
25940033	COBADEFFXXX	Commerzbank
25950001	NOLADE21HIS	Stadtsparkasse Hildesheim -alt-
25950130	NOLADE21HIK	Sparkasse Hildesheim Goslar Peine
25970024	DEUTDEDB259	Deutsche Bank
25970074	DEUTDE2H259	Deutsche Bank
25971024	DEUTDEDB253	Deutsche Bank
25971071	DEUTDE2H253	Deutsche Bank
25980027	DRESDEFF259	Commerzbank vormals Dresdner Bank
25990011	GENODEF1HIH	Volksbank Hildesheim
25991528	GENODEF1SLD	Volksbank Hildesheimer Börde -alt-
26000000	MARKDEF1260	Bundesbank
26040030	COBADEFFXXX	Commerzbank
26050001	NOLADE21GOE	Sparkasse Göttingen
26051260	NOLADE21DUD	Sparkasse Duderstadt
26061291	GENODEF1DUD	Volksbank Mitte -alt-
26061556	GENODEF1ADE	Volksbank
26062433	GENODEF1DRA	VR-Bank in Südniedersachsen
26070024	DEUTDEDB260	Deutsche Bank
26070072	DEUTDE2H260	Deutsche Bank
26080024	DRESDEFF260	Commerzbank vormals Dresdner Bank
26090050	GENODEF1GOE	Volksbank Göttingen -alt-
26240039	COBADEFFXXX	Commerzbank
26250001	NOLADE21NOM	Kreis-Sparkasse Northeim
26251425	NOLADE21EIN	Sparkasse Einbeck
26261492	GENODEF1EIN	Volksbank Einbeck -alt-
26261693	GENODEF1HDG	Volksbank Solling
26271424	DEUTDEDB262	Deutsche Bank
26271471	DEUTDE2H262	Deutsche Bank
26280020	DRESDEFF261	Commerzbank vormals Dresdner Bank
26281420	DRESDEFF262	Commerzbank vormals Dresdner Bank
26340056	COBADEFFXXX	Commerzbank
26341072	COBADEFFXXX	Commerzbank
26351015	NOLADE21HZB	Sparkasse Osterode am Harz
26351445	NOLADE21SAC	Stadtsparkasse Bad Sachsa -alt-
26500000	MARKDEF1265	Bundesbank
26520017	OLBODEH2XXX	Oldenburgische Landesbank AG
26521703	OLBODEH2XXX	Oldenburgische Landesbank AG
26522319	OLBODEH2XXX	Oldenburgische Landesbank AG
26540070	COBADEFFXXX	Commerzbank
26550105	NOLADE22XXX	Sparkasse Osnabrück
26551540	NOLADE21BEB	Kreissparkasse Bersenbrück
26552286	NOLADE21MEL	Kreissparkasse Melle
26562490	GENODEF1HTR	Volksbank Bad Laer-Borgloh-Hilter-Melle
26563960	GENODEF1WHO	Volksbank Bramgau-Wittlage -alt-
26565928	GENODEF1HGM	Volksbank Düte-Ems
26566939	GENODEF1MRZ	Volksbank Osnabrücker Nordland -alt-
26567943	GENODEF1NOP	VR-Bank Osnabrücker Nordland
26570024	DEUTDEDB265	Deutsche Bank
26570090	DEUTDE3B265	Deutsche Bank
26580070	DRESDEFF265	Commerzbank vormals Dresdner Bank
26589210	DRESDEFFI10	Commerzbank vormals Dresdner Bank ITGK
26590025	GENODEF1OSV	Vereinigte Volksbank Bramgau Osnabrück Wittlage
26620010	OLBODEH2XXX	Oldenburgische Landesbank AG
26621413	OLBODEH2XXX	Oldenburgische Landesbank AG
26640049	COBADEFFXXX	Commerzbank
26650001	NOLADE21EMS	Sparkasse Emsland
26660060	GENODEF1LIG	Emsländische Volksbank
26661380	GENODEF1HLN	Volksbank Haselünne
26661494	GENODEF1MEP	Emsländische Volksbank Meppen -alt-
26662932	GENODEF1LEN	Volksbank -alt-
26691213	GENODEF1HAR	Volksbank Haren Fil d Ostfriesischen VB
26720028	OLBODEH2XXX	Oldenburgische Landesbank AG
26740044	COBADEFFXXX	Commerzbank
26750001	NOLADE21NOH	Kreissparkasse Grafschaft Bentheim zu Nordhorn
26760005	GENODEF1NDH	Raiffeisen- und Volksbank Nordhorn -alt-
26770024	DEUTDEDB267	Deutsche Bank
26770095	DEUTDE3B267	Deutsche Bank
26840032	COBADEFFXXX	Commerzbank
26850001	NOLADE21GSL	Sparkasse Goslar/Harz -alt-
26851410	NOLADE21CLZ	Kreissparkasse Clausthal-Zellerfeld -alt-
26851620	NOLADE21SZG	Sparkasse Salzgitter -alt-
26870024	DEUTDEDB268	Deutsche Bank
26870032	DEUTDE2H268	Deutsche Bank
26880063	DRESDEFF268	Commerzbank vormals Dresdner Bank
26890019	GENODEF1VNH	Volksbank Nordharz
26891484	GENODEF1OHA	Volksbank im Harz
26941053	COBADEFFXXX	Commerzbank Wolfsburg
26951311	NOLADE21GFW	Sparkasse Celle-Gifhorn-Wolfsburg
26971024	DEUTDEDB269	Deutsche Bank
26971038	DEUTDE2H269	Deutsche Bank
26981062	DRESDEFF269	Commerzbank vormals Dresdner Bank
26989221	DRESDEFFI11	Commerzbank vormals Dresdner Bank ITGK
26991066	GENODEF1WOB	Volksbank BRAWO
27020000	VOWADE2BXXX	Volkswagen Bank
27020001	AUDFDE21XXX	Audi Bank Zndl d Volkswagen Bank
27020003	SKODDE21XXX	Skoda Bank
27020004	ECBKDE21XXX	AutoEuropa Bank
27020800	SEATDE21XXX	Seat Bank Zndl d Volkswagen Bank
27032500	BCLSDE21XXX	Bankhaus C. L. Seeliger
27040080	COBADEFFXXX	Commerzbank
27062290	GENODEF1BOH	Volksbank Börßum-Hornburg
27070024	DEUTDEDB270	Deutsche Bank
27070030	DEUTDE2H270	Deutsche Bank
27070031	DEUTDE2H271	Deutsche Bank
27070034	DEUTDE2H274	Deutsche Bank
27070041	DEUTDE2H279	Deutsche Bank
27070042	DEUTDE2H272	Deutsche Bank
27070043	DEUTDE2H273	Deutsche Bank
27070079	DEUTDE2H275	Deutsche Bank
27070324	DEUTDEDBP23	Postbank/DSL Ndl der Deutsche Bank
27070369	DEUTDE2HP23	Postbank/DSL Ndl der Deutsche Bank
27072524	DEUTDEDB277	Deutsche Bank
27072537	DEUTDE2H277	Deutsche Bank
27072724	DEUTDEDB276	Deutsche Bank
27072736	DEUTDE2H276	Deutsche Bank
27080060	DRESDEFF270	Commerzbank vormals Dresdner Bank
27089221	DRESDEFFI12	Commerzbank vormals Dresdner Bank ITGK
27090900	GENODEF1P02	PSD Bank
27092555	GENODEF1WFV	Volksbank
27131300	GENODEF1RTS	Bankhaus Rautenschlein
27240004	COBADEFFXXX	Commerzbank
27290087	GENODEF1HMV	Volksbank Weserbergland -alt-
27893359	GENODEF1BLG	Volksbank Braunlage
27893760	GENODEF1SES	Volksbank
28000000	MARKDEF1280	Bundesbank
28020050	OLBODEH2XXX	Oldenburgische Landesbank AG
28021002	OLBODEH2XXX	Oldenburgische Landesbank AG
28021301	OLBODEH2XXX	Oldenburgische Landesbank AG
28021504	OLBODEH2XXX	Oldenburgische Landesbank AG
28021623	OLBODEH2XXX	Oldenburgische Landesbank AG
28021705	OLBODEH2XXX	Oldenburgische Landesbank AG
28021906	OLBODEH2XXX	Oldenburgische Landesbank AG
28022015	OLBODEH2XXX	Oldenburgische Landesbank AG
28022412	OLBODEH2XXX	Oldenburgische Landesbank AG
28022511	OLBODEH2XXX	Oldenburgische Landesbank AG
28022620	OLBODEH2XXX	Oldenburgische Landesbank AG
28022822	OLBODEH2XXX	Oldenburgische Landesbank AG
28023224	OLBODEH2XXX	Oldenburgische Landesbank AG
28023325	OLBODEH2XXX	Oldenburgische Landesbank AG
28030300	FORTDEH4XXX	Oldenburgische Landesbank AG (vormals W. Fortmann & Söhne)
28040046	COBADEFFXXX	Commerzbank
28042865	COBADEFFXXX	Commerzbank
28050100	SLZODE22XXX	Landessparkasse zu Oldenburg
28060228	GENODEF1OL2	Raiffeisenbank Oldenburg -alt-
28061410	GENODEF1BRN	Raiffeisenbank Wesermarsch-Süd
28061501	GENODEF1CLP	VR-Bank in Südoldenburg
28061679	GENODEF1DAM	Volksbank Dammer Berge
28061822	GENODEF1EDE	Oldenburger Volksbank
28062165	GENODEF1RSE	Raiffeisenbank Rastede
28062249	GENODEF1HUD	Vereinigte Volksbank
28062299	GENODEF1HUD	Vereinigte Volksbank GAA
28062560	GENODEF1LON	Volksbank Lohne-Dinklage-Steinfeld-Mühlen
28062740	GENODEF1GBH	Volksbank Bookholzberg-Lemwerder -alt-
28062913	GENODEF1BSL	Volksbank Bösel -alt-
28063253	GENODEF1WRE	Volksbank Westerstede
28063526	GENODEF1ESO	Volksbank  Emstek Essen Cappeln
28063607	GENODEF1BAM	Volksbank Bakum -alt-
28064179	GENODEF1VEC	Volksbank Vechta
28064241	GENODEF1NHE	Raiffeisen-Volksbank Varel-Nordenham
28065061	GENODEF1LOG	Volksbank Löningen
28065108	GENODEF1DIK	VR-Bank Dinklage-Steinfeld -alt-
28065286	GENODEF1SAN	Raiffeisenbank Scharrel
28066103	GENODEF1VIS	Volksbank Visbek
28066214	GENODEF1WDH	Volksbank Oldenburg-Land Delmenhorst
28066620	GENODEF1FOY	Volksbank
28067068	GENODEF1NEO	Volksbank Neuenkirchen-Vörden -alt-
28067170	GENODEF1GSC	Volksbank Delmenhorst Schierbrok -alt-
28067257	GENODEF1LAP	Volksbank Lastrup
28068218	GENODEF1BUT	Raiffeisenbank Butjadingen-Abbehausen -alt-
28069052	GENODEF1ORF	Raiffeisenbank Strücklingen-Idafehn
28069092	GENODEF1HAT	VR Bank Oldenburg Land West -alt-
28069109	GENODEF1EMK	Volksbank Emstek -alt-
28069128	GENODEF1GRR	Raiffeisenbank Garrel -alt-
28069138	GENODEF1VAG	VR Bank Oldenburg Land West -alt-
28069293	GENODEF1BBH	Volksbank Obergrafschaft -alt-
28069381	GENODEF1WLT	Hümmlinger Volksbank
28069706	GENODEF1BOG	Volksbank Nordhümmling
28069755	GENODEF1MLO	Raiffeisenbank Oldersum
28069773	GENODEF1WWM	Raiffeisenbank Wiesedermeer-Wiesede-Marcardsm
28069878	GENODEF1KBL	Raiffeisenbank Ems-Vechte
28069926	GENODEF1HOO	Volksbank Niedergrafschaft
28069935	GENODEF1LRU	Raiffeisenbank Lorup
28069956	GENODEF1NEV	Grafschafter Volksbank
28069991	GENODEF1LTH	Volksbank Emstal
28069994	GENODEF1SPL	Volksbank Süd-Emsland
28070024	DEUTDEDB280	Deutsche Bank
28070057	DEUTDEHB280	Deutsche Bank
28220026	OLBODEH2XXX	Oldenburgische Landesbank AG
28222208	OLBODEH2XXX	Oldenburgische Landesbank AG
28222621	OLBODEH2XXX	Oldenburgische Landesbank AG
28240023	COBADEFFXXX	Commerzbank
28250110	BRLADE21WHV	Sparkasse Wilhelmshaven
28252760	BRLADE21WTM	Kreissparkasse Wittmund
28262254	GENODEF1JEV	Volksbank Jever -alt-
28262673	GENODEF1VAR	Volksbank Jade-Weser
28270024	DEUTDEDB282	Deutsche Bank
28270056	DEUTDEHB282	Deutsche Bank
28280012	DRESDEFF282	Commerzbank vormals Dresdner Bank
28290063	GENODEF1WHV	Volksbank Wilhelmshaven
28291551	GENODEF1ESE	Volksbank Esens -alt-
28320014	OLBODEH2XXX	Oldenburgische Landesbank AG
28321816	OLBODEH2XXX	Oldenburgische Landesbank AG
28350000	BRLADE21ANO	Sparkasse Aurich-Norden
28361592	GENODEF1MAR	Raiffeisen-Volksbank Fresena
28420007	OLBODEH2XXX	Oldenburgische Landesbank AG
28421030	OLBODEH2XXX	Oldenburgische Landesbank AG
28440037	COBADEFFXXX	Commerzbank
28450000	BRLADE21EMD	Sparkasse Emden
28470024	DEUTDEDB284	Deutsche Bank
28470091	DEUTDEHB284	Deutsche Bank
28520009	OLBODEH2XXX	Oldenburgische Landesbank AG
28521518	OLBODEH2XXX	Oldenburgische Landesbank AG
28540034	COBADEFFXXX	Commerzbank
28550000	BRLADE21LER	Sparkasse LeerWittmund
28562297	GENODEF1UPL	Raiffeisen-Volksbank
28562716	GENODEF1WEF	Raiffeisenbank Flachsmeer
28562863	GENODEF1HTL	Raiffeisenbank Moormerland
28563749	GENODEF1MML	Raiffeisenbank
28570024	DEUTDEDB285	Deutsche Bank
28570092	DEUTDEHB285	Deutsche Bank
28590075	GENODEF1LER	Ostfriesische Volksbank Leer
28591579	GENODEF1PAP	Volksbank Papenburg Fil d. Ostfries. VB Leer
28591654	GENODEF1WRH	Volksbank Westrhauderfehn
29020000	NEELDE22XXX	Bankhaus Neelmeyer
29030400	PLUMDE29XXX	M.M. Warburg & Co (vormals Bankhaus Carl F. Plump & CO)
29040060	COBADEFFXXX	Commerzbank CC
29040061	COBADEFFXXX	Commerzbank CC
29040090	COBADEFFXXX	Commerzbank
29050000	BRLADE22XXX	Norddeutsche Landesbank - Girozentrale -
29050101	SBREDE22XXX	Sparkasse Bremen
29070024	DEUTDEDBBRE	Deutsche Bank
29070050	DEUTDEHBXXX	Deutsche Bank
29070051	DEUTDEHB292	Deutsche Bank
29070052	DEUTDEHB294	Deutsche Bank
29070058	DEUTDEHB293	Deutsche Bank
29070059	DEUTDEHB290	Deutsche Bank
29070324	DEUTDEDBP21	Postbank/DSL Ndl der Deutsche Bank
29070367	DEUTDEHBP21	Postbank/DSL Ndl der Deutsche Bank
29080010	DRESDEFF290	Commerzbank vormals Bremer Bank (Dresdner Bank)
29089210	DRESDEFFI13	Commerzbank vormals Bremer Bank (Dresdner Bank) ITGK
29090900	GENODEF1P03	PSD Bank Nord
29121731	OLBODEH2XXX	Oldenburgische Landesbank AG
29151700	BRLADE21SYK	Kreissparkasse Diepholz
29152300	BRLADE21OHZ	Kreissparkasse Osterholz -alt-
29152550	BRLADE21SHL	Zweckverbandssparkasse Scheeßel
29152670	BRLADE21VER	Kreissparkasse Verden
29162394	GENODEF1OHZ	Volksbank
29162453	GENODEF1SWW	Volksbank Schwanewede
29162697	GENODEF1VER	Volksbank Aller-Weser -alt-
29165545	GENODEF1OYT	Volksbank Oyten
29165681	GENODEF1SUM	Volksbank Sottrum -alt-
29166568	GENODEF1WOP	Volksbank
29167624	GENODEF1SHR	Volksbank Syke -alt-
29172624	DEUTDEDB291	Deutsche Bank
29172655	DEUTDEHB291	Deutsche Bank
29190024	GENODEF1HB1	Bremische Volksbank Weser-Wümme
29190330	GENODEF1HB2	Volksbank Bremen-Nord
29190399	GENODEF1HB2	Volksbank Bremen-Nord (Gf GAA)
29240024	COBADEFFXXX	Commerzbank
29250000	BRLADE21BRS	Weser-Elbe Sparkasse
29250150	BRLADE21BRK	Kreissparkasse Wesermünde-Hadeln -alt-
29262722	GENODEF1BRV	Volksbank Geeste-Nord
29265747	GENODEF1BEV	Volksbank im Elbe-Weser-Dreieck
29280011	DRESDEFF292	Commerzbank vormals Dresdner Bank
29290034	GENODEF1HBV	Volksbank Bremerhaven-Wesermünde -alt-
30000000	MARKDEF1300	Bundesbank eh Düsseldorf
30010400	IKBDDEDDXXX	IKB Deutsche Industriebank
30010444	IKBDDEDDDIR	IKB Privatkunden - IKB Deutsche Industriebank
30010700	BOTKDEDXXXX	MUFG Bank (Europe) Germany Branch
30013300	EBPBDED2XXX	EburyPartners Belgium, Zweigniederlassung Deutschland
30020500	BHFBDEFF300	BHF-BANK
30020700	MHCBDEDDXXX	Mizuho Bank Europe, Frankfurt Branch
30020900	CMCIDEDDXXX	TARGOBANK
30022000	NRWBDEDMXXX	NRW.BANK
30030100	PULSDEDDXXX	S Broker Wiesbaden
30030500	CUABDED1XXX	Bank11direkt
30030600	ETRIDE31XXX	ETRIS Bank
30030880	TUBDDEDDXXX	HSBC Continental Europe, Germany
30030889	TUBDDEDDXXX	HSBC Continental Europe, Germany
30030900	MEFIDEMM300	Merck Finck A Quintet Private Bank
30040000	COBADEDDXXX	Commerzbank
30040005	COBADEDDXXX	Commerzbank, Filiale Düsseldorf 2
30040048	COBADEFFXXX	Commerzbank GF-D48
30040060	COBADEFFXXX	Commerzbank Gf 660
30040061	COBADEFFXXX	Commerzbank Gf 661
30040062	COBADEFFXXX	Commerzbank CC
30040063	COBADEFFXXX	Commerzbank CC
30040098	COBADEFFCSC	Commerz Service-Center Intensive
30040099	COBADEFFSTS	Commerzbank Gf Comp. Center STS
30050000	WELADEDDXXX	Landesbank Hessen-Thüringen Girozentrale NL. Düsseldorf
30050110	DUSSDEDDXXX	Stadtsparkasse Düsseldorf
30060010	GENODEDDXXX	DZ BANK
30060601	DAAEDEDDXXX	apoBank
30060992	GENODEF1P05	PSD Bank Rhein-Ruhr
30070010	DEUTDEDDXXX	Deutsche Bank
30070024	DEUTDEDBDUE	Deutsche Bank
30070207	DEUTDEDDP06	Postbank/DSL Ndl der Deutsche Bank
30070224	DEUTDEDBP06	Postbank/DSL Ndl der Deutsche Bank
30080000	DRESDEFF300	Commerzbank vormals Dresdner Bank
30080005	DRESDEFFXXX	Commerzbank vormals Dresdner Bank Zw 05
30080022	DRESDEFFI28	Commerzbank vormals Dresdner Bank Ztv 22
30080038	DRESDEFFXXX	Commerzbank vormals Dresdner Bank Zw 38
30080041	DRESDEFFI29	Commerzbank vormals Dresdner Bank Zw 41
30080053	DRESDEFFI30	Commerzbank vormals Dresdner Bank Zw 53
30080055	DRESDEFF309	Commerzbank vormals Dresdner Bank Zw 55
30080057	DRESDEFF316	Commerzbank vormals Dresdner Bank Gf ZW 57
30080061	DRESDEFFI31	Commerzbank vormals Dresdner Bank Zw 61
30080074	DRESDEFFI32	Commerzbank vormals Dresdner Bank Zw 74
30080080	DRESDEFFI76	Commerzbank vormals Dresdner Bank, PCC DCC-ITGK 3
30080081	DRESDEFFI77	Commerzbank vormals Dresdner Bank, PCC DCC-ITGK 4
30080082	DRESDEFFI78	Commerzbank vormals Dresdner Bank, PCC DCC-ITGK 5
30080083	DRESDEFFI79	Commerzbank vormals Dresdner Bank, PCC DCC-ITGK 6
30080084	DRESDEFFI80	Commerzbank vormals Dresdner Bank, PCC DCC-ITGK 7
30080085	DRESDEFFI81	Commerzbank vormals Dresdner Bank, PCC DCC-ITGK 8
30080086	DRESDEFFI82	Commerzbank vormals Dresdner Bank, PCC DCC-ITGK 9
30080087	DRESDEFFI83	Commerzbank vormals Dresdner Bank, PCC DCC-ITGK 10
30080088	DRESDEFFI84	Commerzbank vormals Dresdner Bank, PCC DCC-ITGK 11
30080089	DRESDEFFI85	Commerzbank vormals Dresdner Bank, PCC DCC-ITGK 12
30080095	DRESDEFFI33	Commerzbank vormals Dresdner Bank Zw 95
30089300	DRESDEFFI02	Commerzbank vormals Dresdner Bank ITGK I
30089302	DRESDEFFI03	Commerzbank vormals Dresdner Bank ITGK II
30110300	SMBCDEDDXXX	Sumitomo Mitsui Banking Corporation
30130100	DHBNDEDDXXX	DHB Bank, Niederlassung Deutschland
30130200	UGBIDEDDXXX	GarantiBank International
30130600	ISBKDEFXDUS	Isbank Fil Düsseldorf
30150001	WELADEDDXXX	Helaba Düsseldorf Gf Verrechnung FI-Dus
30150200	WELADED1KSD	Kreissparkasse Düsseldorf
30160213	GENODED1DNE	Volksbank Düsseldorf Neuss
30160266	GENODED1DNE	Volksbank Düsseldorf Neuss (Gf GAA)
30220190	HYVEDEMM414	UniCredit Bank - HypoVereinsbank
30330800	BIWBDE33303	flatexDEGIRO Bank
30351220	WELADED1HAA	Stadt-Sparkasse Haan
30520000	RCIDDE3NXXX	RCI Banque Niederlassung Deutschland
30520037	RCIDDE3NPAY	RCI Banque Direkt
30524400	KREDDEDDXXX	KBC Bank Ndl Deutschland
30530000	WERHDED1XXX	Bankhaus Werhahn
30530500	WEFZDED1XXX	Bank11 für Privatkunden und Handel, Neuss
30550000	WELADEDNXXX	Sparkasse Neuss
30551240	WELADED1KST	Stadtsparkasse Kaarst-Büttgen -alt-
30560090	GENODED1NSS	Volksbank Neuss -alt-
30560548	GENODED1NLD	VR Bank
30560591	GENODED1NLD	VR Bank (Gf GAA)
31010833	SCFBDE33XXX	Openbank Deutschland
31040015	COBADEFFXXX	Commerzbank
31040060	COBADEFFXXX	Commerzbank CC
31040061	COBADEFFXXX	Commerzbank CC
31050000	MGLSDE33XXX	Stadtsparkasse Mönchengladbach
31060181	GENODED1GBM	Gladbacher Bank von 1922
31060517	GENODED1MRB	Volksbank Mönchengladbach
31062154	GENODED1KBN	Volksbank Brüggen-Nettetal
31062553	GENODED1NKR	Volksbank Schwalmtal
31070001	DEUTDEDD310	Deutsche Bank
31070024	DEUTDEDB310	Deutsche Bank
31070206	DEUTDEDDP05	Postbank/DSL Ndl der Deutsche Bank
31070224	DEUTDEDBP05	Postbank/DSL Ndl der Deutsche Bank
31080015	DRESDEFF310	Commerzbank vormals Dresdner Bank
31080061	DRESDEFFI34	Commerzbank vormals Dresdner Bank Zw 61
31251220	WELADED1ERK	Kreissparkasse Heinsberg in Erkelenz
31261282	GENODED1EHE	Volksbank Erkelenz -alt-
31263359	GENODED1LOE	Raiffeisenbank Erkelenz -alt-
31460290	GENODED1VSN	Volksbank Viersen
31470004	DEUTDEDD314	Deutsche Bank
31470024	DEUTDEDB314	Deutsche Bank
32040024	COBADEFFXXX	Commerzbank
32050000	SPKRDE33XXX	Sparkasse Krefeld
32051996	WELADED1STR	Sparkasse der Stadt Straelen -alt-
32060362	GENODED1HTK	Volksbank Krefeld
32061384	GENODED1GDL	Volksbank an der Niers
32061414	GENODED1KMP	Volksbank Kempen-Grefrath
32070024	DEUTDEDB320	Deutsche Bank
32070080	DEUTDEDD320	Deutsche Bank
32080010	DRESDEFF320	Commerzbank vormals Dresdner Bank
32250050	WELADED1GOC	Verbandssparkasse Goch -alt-
32440023	COBADEFFXXX	Commerzbank
32450000	WELADED1KLE	Sparkasse Rhein-Maas
32460422	GENODED1KLL	Volksbank Kleverland
32470024	DEUTDEDB324	Deutsche Bank
32470077	DEUTDEDD324	Deutsche Bank
33020000	AKFBDE31XXX	akf bank
33020190	HYVEDEMM809	UniCredit Bank - HypoVereinsbank
33030000	GGABDE31XXX	GEFA BANK
33040001	COBADEFFXXX	Commerzbank
33040310	COBADEDHXXX	Commerzbank Zw 117
33050000	WUPSDE33XXX	Stadtsparkasse Wuppertal
33060098	GENODED1CVW	Credit- und Volksbank Wuppertal -alt-
33060592	GENODED1SPW	Sparda-Bank West
33070024	DEUTDEDBWUP	Deutsche Bank
33070090	DEUTDEDWXXX	Deutsche Bank
33080001	DRESDEFFI86	Commerzbank vormals Dresdner Bank, PCC DCC-ITGK 1
33080030	DRESDEFF332	Commerzbank vormals Dresdner Bank
33080085	DRESDEFFI87	Commerzbank vormals Dresdner Bank, PCC DCC-ITGK 2
33080086	DRESDEFFI88	Commerzbank vormals Dresdner Bank, PCC DCC-ITGK 3
33080087	DRESDEFFI89	Commerzbank vormals Dresdner Bank, PCC DCC-ITGK 4
33080088	DRESDEFFI90	Commerzbank vormals Dresdner Bank, PCC DCC-ITGK 5
33440035	COBADEFFXXX	Commerzbank
33450000	WELADED1VEL	Sparkasse Hilden-Ratingen-Velbert
33451220	WELADED1HGH	Sparkasse Heiligenhaus -alt-
34040049	COBADEFFXXX	Commerzbank
34050000	WELADEDRXXX	Stadtsparkasse Remscheid
34051350	WELADED1RVW	Sparkasse Radevormwald-Hückeswagen -alt-
34051570	WELADED1WMK	Stadtsparkasse Wermelskirchen
34060094	VBRSDE33XXX	Volksbank im Bergischen Land
34070024	DEUTDEDB340	Deutsche Bank
34070093	DEUTDEDW340	Deutsche Bank
34080031	DRESDEFF340	Commerzbank vormals Dresdner Bank
34240050	COBADEFFXXX	Commerzbank
34250000	SOLSDE33XXX	Stadt-Sparkasse Solingen
34270024	DEUTDEDB342	Deutsche Bank
34270094	DEUTDEDW342	Deutsche Bank
34280032	DRESDEFF342	Commerzbank vormals Dresdner Bank
35040038	COBADEFFXXX	Commerzbank
35040085	COBADEFFXXX	Commerzbank, Gf Web-K
35050000	DUISDE33XXX	Sparkasse Duisburg
35060190	GENODED1DKD	Bank für Kirche und Diakonie - KD-Bank
35060199	GENODED1DKD	Bank für Kirche und Diakonie - KD-Bank (Gf GAA RB)
35060386	GENODED1VRR	Volksbank Rhein-Ruhr
35070024	DEUTDEDB350	Deutsche Bank
35070030	DEUTDEDE350	Deutsche Bank
35080070	DRESDEFF350	Commerzbank vormals Dresdner Bank
35080085	DRESDEFFI91	Commerzbank vormals Dresdner Bank, PCC DCC-ITGK 1
35080086	DRESDEFFI92	Commerzbank vormals Dresdner Bank, PCC DCC-ITGK 2
35080087	DRESDEFFI93	Commerzbank vormals Dresdner Bank, PCC DCC-ITGK 3
35080088	DRESDEFFI94	Commerzbank vormals Dresdner Bank, PCC DCC-ITGK 4
35080089	DRESDEFFI95	Commerzbank vormals Dresdner Bank, PCC DCC-ITGK 5
35090300	GENODEF1BSD	Bank für Schiffahrt (BFS) Fil d Ostfr VB Leer
35251000	WELADED1DIN	Sparkasse Dinslaken-Voerde-Hünxe -alt-
35261248	GENODED1DLK	Volksbank Dinslaken
35450000	WELADED1MOR	Sparkasse am Niederrhein
35451460	WELADED1NVL	Sparkasse Neukirchen-Vluyn -alt-
35451775	WELADED1RHB	Sparkasse Rheinberg -alt-
35461106	GENODED1NRH	Volksbank Niederrhein
35640064	COBADEFFXXX	Commerzbank
35650000	WELADED1WES	Niederrheinische Sparkasse RheinLippe
35660501	GENODED1RLW	Volksbank Rhein-Lippe (GAA)
35660599	GENODED1RLW	Volksbank Rhein-Lippe
35850000	WELADED1EMR	Stadtsparkasse Emmerich-Rees -alt-
35860245	GENODED1EMR	Volksbank Emmerich-Rees
36000000	MARKDEF1360	Bundesbank eh Essen
36010043	PBNKDEFFXXX	Postbank Ndl der Deutsche Bank
36010424	AARBDE5W360	Aareal Bank
36020030	NBAGDE3EXXX	National-Bank Essen
36020186	HYVEDEMM360	UniCredit Bank - HypoVereinsbank
36033300	SCFBDE33XXX	Openbank Deutschland
36040039	COBADEFFXXX	Commerzbank
36040060	COBADEFFXXX	Commerzbank CC
36040061	COBADEFFXXX	Commerzbank CC
36040085	COBADEFFXXX	Commerzbank, Gf Web-K
36050105	SPESDE3EXXX	Sparkasse Essen
36060192	GENODED1PA2	Pax-Bank
36060295	GENODED1BBE	Bank im Bistum Essen
36060488	GENODEM1GBE	GENO BANK ESSEN
36060591	GENODED1SPE	Sparda-Bank West
36070024	DEUTDEDBESS	Deutsche Bank
36070050	DEUTDEDEXXX	Deutsche Bank
36070208	DEUTDEDEP07	Postbank/DSL Ndl der Deutsche Bank
36070224	DEUTDEDBP07	Postbank/DSL Ndl der Deutsche Bank
36080080	DRESDEFF360	Commerzbank vormals Dresdner Bank
36080085	DRESDEFFI66	Commerzbank vormals Dresdner Bank, PCC DCC-ITGK  2
36089321	DRESDEFFI17	Commerzbank vormals Dresdner Bank ITGK
36240045	COBADEFFXXX	Commerzbank
36250000	SPMHDE3EXXX	Sparkasse Mülheim an der Ruhr
36270024	DEUTDEDB362	Deutsche Bank
36270048	DEUTDEDE362	Deutsche Bank
36280071	DRESDEFF362	Commerzbank vormals Dresdner Bank
36540046	COBADEFFXXX	Commerzbank
36550000	WELADED1OBH	Stadtsparkasse Oberhausen
36570024	DEUTDEDB365	Deutsche Bank
36570049	DEUTDEDE365	Deutsche Bank
36580072	DRESDEFF365	Commerzbank vormals Dresdner Bank
37000000	MARKDEF1370	Bundesbank
37010050	PBNKDEFFXXX	Postbank Ndl der Deutsche Bank
37010600	BNPADEFFXXX	BNP Paribas Niederlassung Deutschland
37010699	BNPADEFFXXX	BNP Paribas Niederlassung Deutschland
37011000	PBNKDEFFXXX	Postbank Ndl der Deutsche Bank
37019000	BUNQDE82XXX	bunq Niederlassung Deutschland
37020090	HYVEDEMM429	UniCredit Bank - HypoVereinsbank
37020200	AXABDE31XXX	FNZ Bank
37020400	TOBADE33XXX	TOYOTA Kreditbank
37020500	BFSWDE33XXX	SozialBank
37020600	SCFBDE33XXX	Openbank Deutschland
37021500	FDBADE8FXXX	Ford Bank
37021548	LRFSDE31XXX	Ford Bank (GF EG)
37027000	SCFBDE33XXX	Openbank Deutschland
37030700	WWBADE3AXXX	abcbank
37030800	ISBKDEFXKOL	Isbank Fil Köln
37040037	COBADEFFXXX	Commerzbank, CC SP
37040044	COBADEFFXXX	Commerzbank
37040048	COBADEFFXXX	Commerzbank GF-K48
37040060	COBADEFFXXX	Commerzbank CC
37040061	COBADEFFXXX	Commerzbank CC
37050198	COLSDE33XXX	Sparkasse KölnBonn
37050299	COKSDE33XXX	Kreissparkasse Köln
37060120	GENODED1PA7	Pax-Bank Gf MHD
37060193	GENODED1PAX	Pax-Bank für Kirche und Caritas
37060194	GENODED1PAX	Pax-Bank GF GAA
37060590	GENODED1SPK	Sparda-Bank West
37060993	GENODEF1P13	PSD Bank West
37062124	GENODED1BGL	Bensberger Bank
37062365	GENODED1FHH	Volksbank Rhein-Erft-Köln
37062600	GENODED1PAF	VR Bank Bergisch Gladbach-Leverkusen
37063367	GENODED1FKH	Raiffeisenbank Fischenich-Kendenich -alt-
37069101	GENODED1AEG	Spar- und Darlehnskasse Aegidienberg -alt-
37069103	GENODED1ALD	Raiffeisenbank Aldenhoven
37069125	GENODED1RKO	Volksbank Berg
37069153	GENODED1HCK	Spar- und Darlehnskasse Brachelen -alt-
37069164	GENODED1MBU	Volksbank Meerbusch -alt-
37069252	GENODED1ERE	Volksbank Erft
37069302	GENODED1GLK	Raiffeisenbank -alt-
37069303	GENODED1GKK	Volksbank Gemünd-Kall -alt-
37069306	GENODED1GRB	Raiffeisenbank Grevenbroich -alt-
37069322	GENODED1EGY	Raiffeisenbank Gymnich
37069330	GENODED1HAW	Volksbank Haaren -alt-
37069331	GENODED1KHO	Raiffeisenbank von 1895 Zw Horrem -alt-
37069342	GENODED1HMB	Volksbank Heimbach
37069354	GENODED1SEG	Raiffeisenbank Selfkant  -alt-
37069355	GENODED1AHO	Spar- und Darlehnskasse Hoengen -alt-
37069381	GENODED1IMM	VR-Bank Rur-Wurm -alt-
37069401	GENODED1JUK	Raiffeisenbank Junkersdorf -alt-
37069405	GENODED1KAA	Raiffeisenbank Kaarst
37069412	GENODED1HRB	Volksbank Heinsberg
37069427	GENODED1DHK	Volksbank Dünnwald-Holweide
37069429	GENODED1KNL	Volksbank Köln-Nord -alt-
37069472	GENODED1ERF	Raiffeisenbk Erftstadt -alt-
37069520	GENODED1RST	VR-Bank Bonn Rhein-Sieg
37069521	GENODED1MNH	Raiffeisenbank Rhein-Berg -alt-
37069524	GENODED1MUC	Raiffeisenbank Much-Ruppichteroth -alt-
37069627	GENODED1RBC	Raiffeisenbank Voreifel
37069639	GENODED1WND	Rosbacher Raiffeisenbank -alt-
37069642	GENODED1SMR	Raiffeisenbank Eifel
37069707	GENODED1SAM	Raiffeisenbank Sankt Augustin -alt-
37069720	GENODED1SLE	VR-Bank Nordeifel
37069805	GENODED1WVI	Volksbank Wachtberg -alt-
37069833	GENODED1WSL	Raiffeisenbk Wesseling -alt-
37069840	GENODED1WPF	Volksbank Wipperfürth-Lindlar
37069991	GENODED1BRL	Brühler Bank
37070000	DEUTDEDK402	Deutsche Bank
37070024	DEUTDEDBKOE	Deutsche Bank
37070060	DEUTDEDKXXX	Deutsche Bank
37070209	DEUTDEDKP08	Postbank/DSL Ndl der Deutsche Bank
37070224	DEUTDEDBP08	Postbank/DSL Ndl der Deutsche Bank
37080040	DRESDEFF370	Commerzbank vormals Dresdner Bank
37080085	DRESDEFFI51	Commerzbank vormals Dresdner Bank Gf PCC DCC-ITGK 1
37080086	DRESDEFFI67	Commerzbank vormals Dresdner Bank, PCC DCC-ITGK 4
37080087	DRESDEFFI96	Commerzbank vormals Dresdner Bank, PCC DCC-ITGK 5
37080088	DRESDEFFI97	Commerzbank vormals Dresdner Bank, PCC DCC-ITGK 6
37080089	DRESDEFFI98	Commerzbank vormals Dresdner Bank, PCC DCC-ITGK 7
37080090	DRESDEFFJ01	Commerzbank vormals Dresdner Bank, PCC DCC-ITGK 8
37080091	DRESDEFFJ02	Commerzbank vormals Dresdner Bank, PCC DCC-ITGK 9
37080092	DRESDEFFJ03	Commerzbank vormals Dresdner Bank, PCC DCC-ITGK 10
37080093	DRESDEFFJ04	Commerzbank vormals Dresdner Bank, PCC DCC-ITGK 11
37080094	DRESDEFFJ05	Commerzbank vormals Dresdner Bank, PCC DCC-ITGK 12
37080095	DRESDEFFJ06	Commerzbank vormals Dresdner Bank, PCC DCC-ITGK 13
37080096	DRESDEFFXXX	Commerzbank vormals Dresdner Bank Zw 96
37080097	DRESDEFFXXX	Commerzbank vormals Dresdner Bank Zw 97
37080098	DRESDEFFJ07	Commerzbank vormals Dresdner Bank, PCC DCC-ITGK 14
37080099	DRESDEFFI36	Commerzbank vormals Dresdner Bank Zw 99
37089340	DRESDEFFI04	Commerzbank vormals Dresdner Bank ITGK I
37089342	DRESDEFFI05	Commerzbank vormals Dresdner Bank ITGK II
37160087	GENODED1CGN	Kölner Bank -alt-
37161289	GENODED1BRH	VR-Bank Rhein-Erft -alt-
37540050	COBADEFFXXX	Commerzbank
37551020	WELADED1LEI	Stadt-Sparkasse Leichlingen -alt-
37551440	WELADEDLLEV	Sparkasse Leverkusen
37551780	WELADED1LAF	Stadt-Sparkasse Langenfeld
37570024	DEUTDEDB375	Deutsche Bank
37570064	DEUTDEDK375	Deutsche Bank
38010053	PBNKDEFF380	Postbank Ndl der Deutsche Bank
38010700	PBNKDEFFDSL	DSL Bank Ndl der Deutsche Bank
38010900	DTABDED1XXX	KfW Ndl Bonn
38010999	DTABDED1AUS	KfW Ausbildungsförderung Bonn
38011000	VZVDDED1XXX	VÖB-ZVD Processing
38011001	VZVDDED1001	VÖB-ZVD Processing
38011002	VZVDDED1002	VÖB-ZVD Processing
38011003	VZVDDED1003	VÖB-ZVD Processing
38011004	VZVDDED1004	VÖB-ZVD Processing
38011005	VZVDDED1005	VÖB-ZVD Processing
38011006	VZVDDED1006	VÖB-ZVD Processing
38011007	VZVDDED1007	VÖB-ZVD Processing
38011008	VZVDDED1008	VÖB-ZVD Processing
38020090	HYVEDEMM402	UniCredit Bank - HypoVereinsbank
38040007	COBADEFFXXX	Commerzbank
38050000	COLSDE33BON	Sparkasse Bonn -alt-
38051290	WELADED1HON	Stadtsparkasse Bad Honnef -alt-
38060186	GENODED1BRS	Volksbank Köln Bonn
38070024	DEUTDEDB380	Deutsche Bank
38070059	DEUTDEDK380	Deutsche Bank
38070408	DEUTDEDKP38	Postbank/DSL Ndl der Deutsche Bank
38070424	DEUTDEDBP38	Postbank/DSL Ndl der Deutsche Bank
38070724	DEUTDEDBXXX	Deutsche Bank
38077724	DEUTDEDB383	Deutsche Bank
38080055	DRESDEFF380	Commerzbank vormals Dresdner Bank
38160220	GENODED1HBO	VR-Bank Bonn -alt-
38250110	WELADED1EUS	Kreissparkasse Euskirchen
38260082	GENODED1EVB	Volksbank Euskirchen
38440016	COBADEFFXXX	Commerzbank
38450000	WELADED1GMB	Sparkasse Gummersbach
38452490	WELADED1WIE	Sparkasse der Homburgischen Gemeinden -alt-
38462135	GENODED1WIL	Volksbank Oberberg
38470024	DEUTDEDB384	Deutsche Bank
38470091	DEUTDEDW384	Deutsche Bank
38621500	GENODED1STB	Steyler Bank
38650000	WELADED1SGB	Kreissparkasse Siegburg -alt-
38651390	WELADED1HEN	Sparkasse Hennef -alt-
39020000	AABSDE31XXX	Aachener Bausparkasse
39040013	COBADEFFXXX	Commerzbank
39050000	AACSDE33XXX	Sparkasse Aachen
39060180	GENODED1AAC	Aachener Bank
39061981	GENODED1HNB	Heinsberger Volksbank -alt-
39070020	DEUTDEDK390	Deutsche Bank
39070024	DEUTDEDB390	Deutsche Bank
39070210	DEUTDEDKP09	Postbank/DSL Ndl der Deutsche Bank
39070224	DEUTDEDBP09	Postbank/DSL Ndl der Deutsche Bank
39080005	DRESDEFF390	Commerzbank vormals Dresdner Bank
39080098	DRESDEFFI37	Commerzbank vormals Dresdner Bank Zw 98
39080099	DRESDEFFI38	Commerzbank vormals Dresdner Bank Zw 99
39160191	GENODED1PA1	Pax-Bank
39161490	GENODED1AAS	Volksbank Aachen Süd
39162980	GENODED1WUR	VR-Bank
39362254	GENODED1RSC	Raiffeisen-Bank Eschweiler
39540052	COBADEFFXXX	Commerzbank
39550110	SDUEDE33XXX	Sparkasse Düren
39560201	GENODED1DUE	Volksbank Düren -alt-
39570024	DEUTDEDB395	Deutsche Bank
39570061	DEUTDEDK395	Deutsche Bank
39580041	DRESDEFF395	Commerzbank vormals Dresdner Bank
40022000	NRWBDEDMMST	NRW.BANK
40030000	MLBKDEH1MUE	Münsterländische Bank Thie,Zndl. d.VR-Bank Westmünst.-alt-
40040028	COBADEFFXXX	Commerzbank
40050000	WELADE3MXXX	Landesbank Hessen-Thüringen Girozentrale NL. Düsseldorf
40050150	WELADED1MST	Sparkasse Münsterland Ost
40055555	LBSWDE31XXX	LBS Landesbausparkasse Nord West
40060000	GENODEMSXXX	DZ BANK
40060265	GENODEM1DKM	DKM Darlehnskasse Münster
40060560	GENODEF1S08	Sparda-Bank West
40061238	GENODEM1GRV	Volksbank Greven -alt-
40069226	GENODEM1CND	Volksbank Lette-Darup-Rorup
40069266	GENODEM1MAS	Volksbank im Hochsauerland
40069283	GENODEM1SLN	Volksbank Schlangen
40069348	GENODEM1MDB	Volksbank Medebach -alt-
40069362	GENODEM1SAE	Volksbank -alt-
40069363	GENODEM1SMB	Volksbank Schermbeck
40069371	GENODEM1BTH	Volksbank Thülen -alt-
40069408	GENODEM1BAU	Volksbank Baumberge
40069477	GENODEM1DWU	Volksbank Wulfen -alt-
40069546	GENODEM1SDN	Volksbank Senden
40069600	GENODEM1MAB	Volksbank Amelsbüren -alt-
40069601	GENODEM1CAN	Volksbank Ascheberg-Herbern
40069606	GENODEM1ERR	Volksbank Erle -alt-
40069622	GENODEM1LSP	Volksbank Seppenrade -alt-
40069709	GENODEM1DLR	Volksbank in der Hohen Mark
40069716	GENODEM1SCN	Volksbank Südkirchen-Capelle-Nordkirchen
40070024	DEUTDEDB400	Deutsche Bank
40070080	DEUTDE3B400	Deutsche Bank
40070211	DEUTDE3BP10	Postbank/DSL Ndl der Deutsche Bank
40070224	DEUTDEDBP10	Postbank/DSL Ndl der Deutsche Bank
40080040	DRESDEFF400	Commerzbank vormals Dresdner Bank
40080085	DRESDEFFI68	Commerzbank vormals Dresdner Bank, PCC DCC-ITGK 1
40090900	GENODEF1P15	VR Bank Westfalen-Lippe -alt-
40150001	WELADEDDXXX	Helaba Düsseldorf Gf Verrechnung FI-Münster
40153768	WELADED1EMS	Verbundsparkasse Emsdetten Ochtrup
40154006	WELADED1GRO	Sparkasse Gronau -alt-
40154476	WELADED1LEN	Stadtsparkasse Lengerich
40154530	WELADE3WXXX	Sparkasse Westmünsterland
40154702	WELADED1STL	Stadtsparkasse Stadtlohn -alt-
40160050	GENODEM1MSC	Vereinigte Volksbank Münster -alt-
40163720	GENODEM1SEE	Volksbank Nordmünsterland -alt-
40164024	GENODEM1GRN	Volksbank Gronau-Ahaus
40164256	GENODEM1LAE	Volksbank Laer-Horstmar-Leer -alt-
40164352	GENODEM1CNO	Volksbank Nottuln
40164528	GENODEM1LHN	Volksbank Südmünsterland-Mitte -alt-
40164618	GENODEM1OTR	Volksbank Ochtrup-Laer
40164901	GENODEM1GE1	Volksbank Gescher
40165366	GENODEM1SEM	Volksbank Selm-Bork
40166439	GENODEM1LLE	Volksbank Lengerich/Lotte -alt-
40166800	GENODEM1BUL	Volksbank Buldern -alt-
40340030	COBADEFFXXX	Commerzbank
40350005	WELADED1RHN	Stadtsparkasse Rheine
40351060	WELADED1STF	Kreissparkasse Steinfurt
40351220	WELADED1IBB	Sparkasse Steinfurt -alt-
40361627	GENODEM1WKP	Volksbank Westerkappeln-Saerbeck -alt-
40361906	GENODEM1IBB	Volksbank im Münsterland
40363433	GENODEM1HRL	Volksbank Hörstel -alt-
40370024	DEUTDEDB403	Deutsche Bank
40370079	DEUTDE3B403	Deutsche Bank
41040018	COBADEFFXXX	Commerzbank
41041000	COBADEFFXXX	ZTB der Commerzbank
41050095	WELADED1HAM	Sparkasse Hamm
41051605	WELADED1WRN	Stadtsparkasse Werne -alt-
41051845	WELADED1BGK	Sparkasse Bergkamen-Bönen
41061011	GENODEM1HBH	Spar- und Darlehnskasse Bockum-Hövel
41061903	GENODEM1BAG	BAG Bankaktiengesellschaft
41062215	GENODEM1BO1	Volksbank Bönen
41070024	DEUTDEDB410	Deutsche Bank
41070049	DEUTDEDE410	Deutsche Bank
41240048	COBADEFFXXX	Commerzbank
41250035	WELADED1BEK	Sparkasse Beckum-Wadersloh -alt-
41260006	GENODEM1BEK	Volksbank Beckum -alt-
41261324	GENODEM1EOW	Volksbank Enniger-Ostenfelde-Westkirchen
41261419	GENODEM1OEN	Volksbank Oelde-Ennigerloh-Neubeckum -alt-
41262501	GENODEM1AHL	Volksbank -alt-
41280043	DRESDEFF413	Commerzbank vormals Dresdner Bank
41440018	COBADEFFXXX	Commerzbank
41450075	WELADED1SOS	Sparkasse Hellweg-Lippe
41451750	WELADED1WRL	Sparkasse Werl -alt-
41460116	GENODEM1SOE	Volksbank Hellweg
41462295	GENODEM1WRU	Volksbank Wickede (Ruhr) -alt-
41650001	WELADED1LIP	Sparkasse Lippstadt -alt-
41651770	WELADED1HSL	Sparkasse Hochsauerland -alt-
41651815	WELADED1ERW	Sparkasse Erwitte-Anröchte -alt-
41651965	WELADED1GES	Sparkasse Geseke
41660124	GENODEM1LPS	VR Bank Westfalen-Lippe
41661206	GENODEM1ANR	Volksbank Anröchte
41661504	GENODEM1LBH	Volksbank Benninghausen -alt-
41661719	GENODEM1BRI	Volksbank Brilon -alt-
41662465	GENODEM1SGE	Volksbank Störmede-Westenholz-Hörste
41662557	GENODEM1WST	Volksbank Warstein-Belecke -alt-
41663335	GENODEM1HOE	Volksbank Hörste -alt-
41670024	DEUTDEDB416	Deutsche Bank
41670027	DEUTDE3B416	Deutsche Bank
41670028	DEUTDE3B417	Deutsche Bank
41670029	DEUTDE3B414	Deutsche Bank
41670030	DEUTDE3B418	Deutsche Bank
42030600	ISBKDEFXGEL	Isbank Fil Gelsenkirchen
42040040	COBADEFFXXX	Commerzbank
42050001	WELADED1GEK	Sparkasse Gelsenkirchen
42070024	DEUTDEDB420	Deutsche Bank
42070062	DEUTDEDE420	Deutsche Bank
42080082	DRESDEFF420	Commerzbank vormals Dresdner Bank
42260001	GENODEM1GBU	Volksbank Ruhr Mitte
42450040	WELADED1GLA	Stadtsparkasse Gladbeck
42451220	WELADED1BOT	Sparkasse Bottrop
42461435	GENODEM1KIH	Vereinte Volksbank
42640048	COBADEFFXXX	Commerzbank
42650150	WELADED1REK	Sparkasse Vest Recklinghausen
42651315	WELADED1HAT	Stadtsparkasse Haltern am See -alt-
42661008	GENODEM1MRL	Volksbank Marl-Recklinghausen
42661088	GENODEM1MRL	Volksbank Marl-Recklinghausen (Gf GAA)
42661330	GENODEM1HLT	Volksbank Haltern -alt-
42661717	GENODEM1WLW	Volksbank Waltrop -alt-
42662320	GENODEM1DST	Volksbank Dorsten -alt-
42680081	DRESDEFF426	Commerzbank vormals Dresdner Bank
42840005	COBADEFFXXX	Commerzbank
42850035	WELADED1BOH	Stadtsparkasse Bocholt
42860003	GENODEM1BOH	Volksbank Bocholt
42861239	GENODEM1RKN	Spar- und Darlehnskasse -alt-
42861387	GENODEM1BOB	Volksbank Westmünsterland
42861515	GENODEM1BOG	Volksbank Gemen -alt-
42861608	GENODEM1HEI	Volksbank Heiden
42861814	GENODEM1RHD	Volksbank Rhede
42862451	GENODEM1RAE	Volksbank Raesfeld und Erle
42870024	DEUTDEDB428	Deutsche Bank
42870077	DEUTDE3B428	Deutsche Bank
43000000	MARKDEF1430	Bundesbank eh Bochum
43040036	COBADEFFXXX	Commerzbank
43050001	WELADED1BOC	Sparkasse Bochum
43051040	WELADED1HTG	Sparkasse Hattingen
43060129	GENODEM1BOC	Volksbank Bochum Witten
43060967	GENODEM1GLS	GLS Gemeinschaftsbank
43060988	GENODEM1GLS	GLS Gemeinschaftsbank (GAA)
43070024	DEUTDEDB430	Deutsche Bank
43070061	DEUTDEDE430	Deutsche Bank
43080083	DRESDEFF430	Commerzbank vormals Dresdner Bank
43250030	WELADED1HRN	Herner Sparkasse
44000000	MARKDEF1440	Bundesbank eh Dortmund -alt-
44010046	PBNKDEFFXXX	Postbank Ndl der Deutsche Bank
44020090	HYVEDEMM808	UniCredit Bank - HypoVereinsbank
44040037	COBADEFFXXX	Commerzbank
44040060	COBADEFFXXX	Commerzbank CC
44040061	COBADEFFXXX	Commerzbank CC
44040085	COBADEFFXXX	Commerzbank, Gf Web-K
44050000	WELADE3DXXX	Landesbank Hessen-Thüringen Girozentrale NL. Düsseldorf
44050199	DORTDE33XXX	Sparkasse Dortmund
44060122	GENODEM1DNW	Volksbank Dortmund-Nordwest -alt-
44064406	GENODED1KDD	Bank für Kirche und Diakonie - KD-Bank Gf Sonder-BLZ
44070024	DEUTDEDB440	Deutsche Bank
44070050	DEUTDEDE440	Deutsche Bank
44080050	DRESDEFF440	Commerzbank vormals Dresdner Bank
44080055	DRESDEFF446	Commerzbank vormals Dresdner Bank Zw 55
44080057	DRESDEFF447	Commerzbank vormals Dresdner Bank Gf ZW 57
44080085	DRESDEFFI69	Commerzbank vormals Dresdner Bank, PCC DCC-ITGK 2
44089320	DRESDEFFI18	Commerzbank vormals Dresdner Bank ITGK
44090920	GENODEF1P04	PSD Bank Dortmund -alt-
44152370	WELADED1LUN	Sparkasse an der Lippe
44152490	WELADED1SWT	Stadtsparkasse Schwerte -alt-
44160014	GENODEM1DOR	Dortmunder Volksbank
44340037	COBADEFFXXX	Commerzbank
44350060	WELADED1UNN	Sparkasse UnnaKamen
44351380	WELADED1KAM	Sparkasse Kamen -alt-
44351740	WELADED1FRN	Sparkasse Fröndenberg -alt-
44361342	GENODEM1KWK	Volksbank Kamen-Werne -alt-
44540022	COBADEFFXXX	Commerzbank
44550045	WELADED1ISL	Sparkasse der Stadt Iserlohn
44551210	WELADED1HEM	Sparkasse Märkisches Sauerland Hemer-Menden
44570004	DEUTDEDW445	Deutsche Bank
44570024	DEUTDEDB445	Deutsche Bank
44580070	DRESDEFF445	Commerzbank vormals Dresdner Bank
44580085	DRESDEFFI70	Commerzbank vormals Dresdner Bank, PCC DCC-ITGK 1
44761312	GENODEM1MEN	Mendener Bank
44761534	GENODEM1NRD	Volksbank in Südwestfalen
45000000	MARKDEF1450	Bundesbank eh Hagen
45040042	COBADEFFXXX	Commerzbank
45050001	WELADE3HXXX	Sparkasse an Volme und Ruhr
45051485	WELADED1HER	Stadtsparkasse Herdecke -alt-
45060009	GENODEM1HGN	Märkische Bank
45061524	GENODEM1HLH	Volksbank Hohenlimburg
45070002	DEUTDEDW450	Deutsche Bank
45070024	DEUTDEDB450	Deutsche Bank
45080060	DRESDEFF450	Commerzbank vormals Dresdner Bank
45240056	COBADEFFXXX	Commerzbank
45250035	WELADED1WTN	Sparkasse Witten
45251480	WELADED1WET	Stadtsparkasse Wetter -alt-
45251515	SPSHDE31XXX	Stadtsparkasse Sprockhövel -alt-
45260041	GENODEM1WTN	Volksbank Witten -alt-
45260475	GENODEM1BFG	Spar- u Kreditbank d Bundes Fr ev Gemeinden
45261547	GENODEM1SPO	Volksbank Sprockhövel
45450050	WELADED1GEV	Sparkasse an Ennepe und Ruhr
45451060	WELADED1ENE	Sparkasse Ennepetal-Breckerfeld -alt-
45451555	WELADED1SLM	Sparkasse Schwelm-Sprockhövel
45660029	GENODEM1ALA	Volksbank Altena -alt-
45840026	COBADEFFXXX	Commerzbank
45841031	COBADEFFXXX	Commerzbank
45850005	WELADED1LSD	Sparkasse Lüdenscheid -alt-
45851020	WELADED1PLB	Vereinigte Sparkasse im Märkischen Kreis
45851665	WELADED1KMZ	Sparkasse Kierspe-Meinerzhagen
45860033	GENODEM1LHA	Volksbank Lüdenscheid -alt-
45861434	GENODEM1KIE	Volksbank Kierspe
45861617	GENODEM1MOM	Volksbank Meinerzhagen -alt-
46040033	COBADEFFXXX	Commerzbank
46050001	WELADED1SIE	Sparkasse Siegen
46051240	WELADED1BUB	Sparkasse Burbach-Neunkirchen
46051733	WELADED1FRE	Stadtsparkasse Freudenberg -alt-
46051875	WELADED1HIL	Stadtsparkasse Hilchenbach -alt-
46052855	WELADED1SMB	Stadtsparkasse Schmallenberg -alt-
46053480	WELADED1BEB	Sparkasse Wittgenstein
46060040	GENODEM1SNS	Volksbank Siegerland -alt-
46061724	GENODEM1FRF	VR-Bank Freudenberg-Niederfischbach
46062817	GENODEM1SMA	Volksbank Sauerland
46063405	GENODEM1BB1	Volksbank Wittgenstein
46070024	DEUTDEDB460	Deutsche Bank
46070090	DEUTDEDK460	Deutsche Bank
46080010	DRESDEFF460	Commerzbank vormals Dresdner Bank
46240016	COBADEFFXXX	Commerzbank
46250049	WELADED1OPE	Sparkasse Olpe-Drolshagen-Wenden
46251590	WELADED1FTR	Sparkasse Finnentrop -alt-
46251630	WELADED1ALK	Sparkasse Attendorn-Lennestadt-Kirchhundem
46260023	GENODEM1OLP	Volksbank Olpe -alt-
46261607	GENODEM1GLG	Volksbank Grevenbrück -alt
46261822	GENODEM1WDD	Volksbank Olpe-Wenden-Drolshagen
46262456	GENODEM1HUL	Volksbank Bigge-Lenne -alt-
46441003	COBADEFFXXX	Commerzbank
46451012	WELADED1MES	Sparkasse Mitten im Sauerland -alt-
46451250	WELADED1BST	Sparkasse Bestwig -alt-
46461126	GENODEM1SRL	Volksbank Sauerland -alt-
46462271	GENODEM1ANO	Spar- und Darlehnskasse Oeventrop -alt-
46464453	GENODEM1RET	Volksbank Reiste-Eslohe -alt-
46640018	COBADEFFXXX	Commerzbank
46650005	WELADED1ARN	Sparkasse Mitten im Sauerland
46660022	GENODEM1NEH	Volksbank Sauerland -alt-
46670007	DEUTDEDW466	Deutsche Bank
46670024	DEUTDEDB961	Deutsche Bank
46670204	DEUTDEDWP03	Postbank/DSL Ndl der Deutsche Bank
46670224	DEUTDEDBP03	Postbank/DSL Ndl der Deutsche Bank
47000000	MARKDEF1470	Bundesbank Dortmund
47240047	COBADEFFXXX	Commerzbank
47250101	WELADED1PBN	Sparkasse Paderborn -alt-
47251550	WELADED1HXB	Sparkasse Höxter -alt-
47251740	WELADED1DEL	Stadtsparkasse Delbrück -alt-
47260121	DGPBDE3MXXX	VerbundVolksbank OWL
47260234	GENODEM1EWB	Volksbank Elsen-Wewer-Borchen
47260307	GENODEM1BKC	Bank für Kirche und Caritas -alt-
47261429	GENODEM1WNH	Volksbank Haaren -alt-
47261603	GENODEM1BUS	Volksbank Brilon-Büren-Salzkotten -alt-
47262626	GENODEM1WDE	Volksbank Westenholz -alt-
47262703	GENODEM1DLB	Volksbank Delbrück-Hövelhof -alt-
47264367	GENODEM1STM	Vereinigte Volksbank
47265383	GENODEM1WAH	Volksbank Wewelsburg-Ahden -alt-
47267216	GENODEM1BOT	Volksbank Borgentreich -alt-
47270024	DEUTDEDB472	Deutsche Bank
47270029	DEUTDE3B472	Deutsche Bank
47460028	GENODEM1WBG	Volksbank Warburger Land -alt-
47640051	COBADEFFXXX	Commerzbank
47650130	WELADE3LXXX	Sparkasse Paderborn-Detmold-Höxter
47651225	WELADED1BLO	Stadtsparkasse Blomberg -alt-
47670023	DEUTDE3B476	Deutsche Bank
47670024	DEUTDEDB476	Deutsche Bank
47670205	DEUTDE3BP04	Postbank/DSL Ndl der Deutsche Bank
47670224	DEUTDEDBP04	Postbank/DSL Ndl der Deutsche Bank
47691200	GENODEM1OLB	Volksbank Ostlippe
47840065	COBADEFFXXX	Commerzbank
47840080	COBADEFFXXX	Commerzbank Zw 80
47850065	WELADED1GTL	Sparkasse Gütersloh-Rietberg-Versmold
47852760	WELADED1RTG	Sparkasse Rietberg -alt-
47853355	WELADED1VSM	Stadtsparkasse Versmold -alt-
47853520	WELADED1WDB	Kreissparkasse Halle-Wiedenbrück
47860125	GENODEM1GTL	Volksbank in Ostwestfalen, Gütersloh
47861317	GENODEM1CLL	Volksbank im Ostmünsterland -alt-
47861518	GENODEM1HWI	Volksbank Harsewinkel -alt-
47862261	GENODEM1MFD	Volksbank Marienfeld -alt-
47862447	GENODEM1RNE	Volksbank Delbrück-Rietberg
47863373	GENODEM1VMD	Volksbank Versmold
47880031	DRESDEFF478	Commerzbank vormals Dresdner Bank
48000000	MARKDEF1480	Bundesbank
48020086	HYVEDEMM344	UniCredit Bank - HypoVereinsbank
48020151	HAUKDEFFXXX	Hauck Aufhäuser Lampe Privatbank
48021900	DGPBDE3MBVW	Bankverein Werther Zw Ndl der VerbundVolksbank OWL
48040035	COBADEFFXXX	Commerzbank
48040060	COBADEFFXXX	Commerzbank CC
48040061	COBADEFFXXX	Commerzbank CC
48050161	SPBIDE3BXXX	Sparkasse Bielefeld
48051580	WELADED1HAW	Kreissparkasse Halle -alt-
48060036	GENODEM1BIE	Bielefelder Volksbank -alt-
48062051	GENODEM1HLW	Volksbank Halle/Westf
48062466	GENODEM1SHS	Spar-u Darlehnskasse Schloß Holte-Stukenbrock -alt-
48070020	DEUTDE3BXXX	Deutsche Bank
48070024	DEUTDEDBBIE	Deutsche Bank
48070040	DEUTDE3B480	Deutsche Bank
48070042	DEUTDE3B484	Deutsche Bank
48070043	DEUTDE3B489	Deutsche Bank
48070044	DEUTDE3B487	Deutsche Bank
48070045	DEUTDE3B413	Deutsche Bank
48070050	DEUTDE3B481	Deutsche Bank
48070052	DEUTDE3B492	Deutsche Bank
48080020	DRESDEFF480	Commerzbank vormals Dresdner Bank
48089350	DRESDEFFI19	Commerzbank vormals Dresdner Bank ITGK
48250110	WELADED1LEM	Sparkasse Lemgo
48291490	GENODEM1BSU	Volksbank Bad Salzuflen
49040043	COBADEFFXXX	Commerzbank
49050101	WELADED1MIN	Sparkasse Minden-Lübbecke
49051065	WELADED1RHD	Stadtsparkasse Rahden
49051285	WELADED1OEH	Sparkasse Bad Oeynhausen-Porta Westfalica
49051990	WELADED1PWF	Stadtsparkasse Porta Westfalica -alt-
49060127	GENODEM1MPW	Volksbank Mindener Land -alt-
49060392	GENODEM1MND	Volksbank Minden -alt-
49061470	GENODEM1STR	Volksbank Stemweder Berg -alt-
49061510	GENODEM1EPW	Volksbank Eisbergen -alt-
49070024	DEUTDEDB490	Deutsche Bank
49070028	DEUTDE3B490	Deutsche Bank
49080025	DRESDEFF491	Commerzbank vormals Dresdner Bank
49092650	GENODEM1LUB	Volksbank PLUS
49240096	COBADEFFXXX	Commerzbank
49262364	GENODEM1SNA	Volksbank Schnathorst -alt-
49440043	COBADEFFXXX	Commerzbank
49450120	WLAHDE44XXX	Sparkasse Herford
49490070	GENODEM1HFV	Volksbank Herford-Mindener Land -alt-
50000000	MARKDEF1500	Bundesbank
50010060	PBNKDEFFXXX	Postbank Ndl der Deutsche Bank
50010200	AKBKDEFFXXX	AKBANK
50010300	FCBKDEFFXXX	First Commercial Bank, Frankfurt Branch
50010424	AARBDE5W500	Aareal Bank ehem. Filiale Frankfurt
50010517	INGDDEFFXXX	ING-DiBa
50010700	DEGUDEFFXXX	Oldenburgische Landesbank AG
50010900	BOFADEFXXXX	Bank of America Europe, Frankfurt Branch
50010910	BOFADEFXVAM	Bank of America Europe, Frankfurt Branch
50012800	ALTEDEFAXXX	ALTE LEIPZIGER Bauspar
50015001	JTBPDEFFXXX	J&T BANKA, Zweigniederlassung Deutschland
50016600	WUIDDEF1XXX	Western Union Intl. Bank Niederlassung Deutschland
50020200	BHFBDEFF500	ODDO BHF
50020400	KFWIDEFFXXX	KfW Kreditanstalt für Wiederaufbau Frankfurt
50020500	LAREDEFFXXX	Landwirtschaftliche Rentenbank
50020700	FBHLDEFFXXX	Nexent Bank Ndl. Deutschland
50020800	BCITDEFFXXX	Intesa Sanpaolo Frankfurt
50021000	INGBDEFFXXX	ING Bank
50021100	FFBKDEFFKRN	FIL Fondsbank
50021120	FFBKDEFFTHK	FIL Fondsbank
50022200	HCSEDEF1XXX	Hyundai Capital Bank Europe
50024024	DEFFDEFFXXX	C24 Bank
50025000	GMGGDE51XXX	Stellantis Bank Niederlassung Deutschland
50026600	CARDDEFFXXX	UNLIMINT EU Zweigniederlassung Deutschland
50030000	PSADDEF1XXX	Stellantis Bank Niederlassung Deutschland
50030010	BPNDDE52XXX	Stellantis Bank Niederlassung Deutschland
50030500	PARBDEFFXXX	BNP Paribas Niederlassung Deutschland
50030600	DWPBDEFFXXX	Deutsche WertpapierService Bank
50030700	ESBKDEFFXXX	DenizBank (Wien) Zw Frankfurt
50031000	TRODDEF1XXX	Triodos Bank Deutschland
50031900	BBVADEFFXXX	BANCO BILBAO VIZCAYA ARGENTARIA, Niederlassung Deutschland
50033300	SCFBDE33XXX	Openbank Deutschland
50034200	OPENDEFFXXX	OPEN BANK, Zweigniederlassung Deutschand
50038800	ABOCDEFFXXX	Agricultural Bank of China, Frankfurt Branch
50040000	COBADEFFXXX	Commerzbank
50040005	COBADEFFXXX	Commerzbank, Filiale Frankfurt 2
50040010	COBADEFFPAR	Commerzbank (IPC PARIS)
50040011	COBADEFFVIE	Commerzbank (IPC VIENNA)
50040012	COBADEFFMIL	Commerzbank (IPC MILANO)
50040013	COBADEFFAMS	Commerzbank (IPC AMSTERDAM)
50040014	COBADEFFBRU	Commerzbank (IPC BRUSSEL)
50040015	COBADEFFMAD	Commerzbank (IPC MADRID)
50040016	COBADEFFNYC	Commerzbank (CLB New York) FFM
50040017	COBADEFFSGP	Commerzbank (CLB Singapore) Frankfurt
50040018	COBADEFFLDN	Commerzbank (CLB London)
50040019	COBADEFFZUR	Commerzbank (CLB Zürich)
50040020	COBADEFFPRA	Commerzbank (CLB Prag)
50040021	COBADEFFMOS	Commerzbank (CLB Moskau)
50040022	COBADEFFHBG	Commerzbank (CLB Hamburg)
50040033	COBADEF1BRS	Commerzbank Gf BRS
50040038	COBADEFFXXX	Commerzbank, MBP
50040040	COBADEFFXXX	Commerzbank Gf ZRK
50040048	COBADEFFXXX	Commerzbank GF-F48
50040050	COBADEFFXXX	Commerzbank, CC SP
50040051	COBADEFFXXX	Commerzbank Center Dresdner Bank Frankfurt
50040052	COBADEFFXXX	Commerzbank Service - BZ Frankfurt
50040060	COBADEFFXXX	Commerzbank Gf 460
50040061	COBADEFFXXX	Commerzbank Gf 461
50040062	COBADEFFXXX	Commerzbank CC
50040063	COBADEFFXXX	Commerzbank CC
50040075	COBADEFFXXX	Commerzbank Gf ZCM
50040084	COBADEFFXXX	Commerzbank, GF Web-K CMTS2
50040085	COBADEFFXXX	Commerzbank, Gf Web-K
50040086	COBADEFFXXX	Commerzbank, GF Web-K CMTS
50040087	COBADEFFXXX	Commerzbank, Gf Web-K CMTS3
50040088	COBADEFFXXX	Commerzbank, INT 1
50040099	COBADEFFXXX	Commerzbank INT
50042500	COBADEFFXXX	Commerzbank Zw 425 - keine Auslandsbanken
50044444	COBADEFFXXX	Commerzbank Vermögensverwaltung
50047010	COBADEFFXXX	Commerzbank Service - BZ
50050000	HELADEFFXXX	Landesbank Hessen-Thür Girozentrale
50050201	HELADEF1822	Frankfurter Sparkasse
50050222	HELADEF1822	Frankfurter Sparkasse GF 1822direkt
50050999	DGZFDEFFXXX	DekaBank Frankfurt
50060000	GENODE55XXX	DZ Bank
50060400	GENODEFFXXX	DZ BANK
50060412	GENODEF1VK1	DZ BANK GF DZH
50060413	GENODEF1VK2	DZ BANK GF ODA
50060414	GENODEF1VK3	DZ BANK GF BSH
50060415	GENODEF1VK4	DZ BANK GF BSH
50060416	GENODEF1VK6	DZ BANK GF VK6
50060417	GENODEF1VK7	DZ BANK GF BMT
50060418	GENODEF1VK8	DZ BANK GF BMT
50060419	GENODEF1VK9	DZ BANK GF VRF
50060420	GENODEF1V20	DZ BANK GF V20
50060421	GENODEF1V21	DZ BANK GF AIS
50060422	GENODEF1V22	DZ BANK GF V22
50060423	GENODEF1V23	DZ BANK GF V23
50060424	GENODEF1V24	DZ BANK GF V24
50060425	GENODEF1V25	DZ BANK GF BSH
50060474	GENODEFFBRO	DZ BANK, Deutsche Zentral-Genossenschaftsbank
50061741	GENODE51OBU	Raiffeisenbank im Hochtaunus -alt-
50069126	GENODE51ABO	VR Bank Alzey-Land-Schwabenheim
50069146	GENODE51GRC	Volksbank Grebenhain
50069187	GENODE51EGE	Volksbank Egelsbach -alt-
50069241	GENODE51ERB	Raiffeisenkasse Erbes-Büdesheim und Umgebung -alt-
50069345	GENODE51GWB	Raiffeisenbank
50069455	GENODE51HUT	Hüttenberger Bank
50069477	GENODE51KIF	Raiffeisenbank Kirtorf
50069693	GENODE51BH1	Raiffeisenbank Bad Homburg Ndl d FrankfurterVB
50069842	GENODE51SWB	Raiffeisen Volksbank
50069976	GENODE51WWI	Volksbank Wißmar
50070010	DEUTDEFFXXX	Deutsche Bank
50070011	DEUTDEFFSIP	Deutsche Bank
50070024	DEUTDEDBFRA	Deutsche Bank
50070050	DEUTDEFFXXX	Deutsche Bank
50070051	DEUTDEFFXXX	Deutsche Bank
50070052	DEUTDEFFXXX	Deutsche Bank
50070053	DEUTDEFFXXX	Deutsche Bank
50070054	DEUTDEFFXXX	Deutsche Bank
50070055	DEUTDEFFXXX	Deutsche Bank
50070056	DEUTDEFFXXX	Deutsche Bank
50070057	DEUTDEFFXXX	Deutsche Bank
50070058	DEUTDEFFXXX	Deutsche Bank
50070059	DEUTDEFFXXX	Deutsche Bank
50070060	DEUTDEFFXXX	Deutsche Bank
50070061	DEUTDEFFXXX	Deutsche Bank
50070062	DEUTDEFFXXX	Deutsche Bank
50070063	DEUTDEFFXXX	Deutsche Bank
50070064	DEUTDEFFXXX	Deutsche Bank
50070065	DEUTDEFFXXX	Deutsche Bank
50070324	DEUTDEDBP25	Postbank/DSL Ndl der Deutsche Bank
50070371	DEUTDEFFS25	Postbank/DSL Ndl der Deutsche Bank
50070435	DEUTDEDBEW1	Deutsche Bank
50070436	DEUTDEDBEW2	Deutsche Bank
50070437	DEUTDEDBEW3	Deutsche Bank
50070438	DEUTDEDBEW4	Deutsche Bank
50070439	DEUTDEDBEW5	Deutsche Bank
50073019	DEUTDEFF502	Deutsche Bank
50073024	DEUTDEDB502	Deutsche Bank
50073081	DEUTDE5XXXX	Deutsche Bank Europe
50080000	DRESDEFFXXX	Commerzbank vormals Dresdner Bank
50080015	DRESDEFFI39	Commerzbank vormals Dresdner Bank Zw 15
50080025	DRESDEFFXXX	Commerzbank vormals Dresdner Bank Zw 25
50080035	DRESDEFFI40	Commerzbank vormals Dresdner Bank Zw 35
50080055	DRESDEFF516	Commerzbank vormals Dresdner Bank Zw 55
50080057	DRESDEFF522	Commerzbank vormals Dresdner Bank Gf ZW 57
50080060	DRESDEFFXXX	Commerzbank vormals Dresdner Bank Gf DrKW
50080061	DRESDEFFLDG	Commerzbank vormals Dresdner Bank Gf DrKWSL
50080077	DRESDEFFBSP	Commerzbank, GF Wüstenrot BSPK
50080079	DRESDEFFXXX	Commerzbank vormals Dresdner Bank ESOP
50080080	DRESDEFFI41	Commerzbank vormals Dresdner Bank Bs 80
50080082	DRESDEFFAVB	Commerzbank vormals Dresdner Bank Gf AVB
50080086	DRESDEFFI49	Commerzbank vormals Dresdner Bank ITGK 3
50080087	DRESDEFFJ08	Commerzbank vormals Dresdner Bank, PCC DCC-ITGK 4
50080088	DRESDEFFJ09	Commerzbank vormals Dresdner Bank, PCC DCC-ITGK 5
50080089	DRESDEFFJ10	Commerzbank vormals Dresdner Bank, PCC DCC-ITGK 6
50080091	DRESDEFFJ11	Commerzbank vormals Dresdner Bank, PCC DCC-ITGK 7
50080092	DRESDEFFFCO	Commerzbank vormals Dresdner Bank Finance and Controlling
50080099	DRESDEFFI42	Commerzbank vormals Dresdner Bank Zw 99
50080300	DRESDEFF500	Commerzbank vormals Dresdner Bank Private Banking Inland
50083007	DRESDEFF502	Commerzbank vormals Dresdner Bank
50083838	DRESDEFFMBP	Commerzbank vormals Dresdner Bank in Frankfurt MBP
50089400	DRESDEFFI01	Commerzbank vormals Dresdner Bank ITGK
50090500	GENODEF1S12	Sparda-Bank Hessen
50090900	GENODEF1P06	PSD Bank Hessen-Thüringen
50092100	GENODE51BH2	Freikirchen.Bank
50092200	GENODE51KEL	Volksbank Main-Taunus -alt-
50092900	GENODE51USI	Volksbank Usinger Land Ndl d Frankfurter VB
50093000	GENODE51RUS	Rüsselsheimer Volksbank -alt-
50093010	GENODE51GAA	Rüsselsheimer Volksbank GAA -alt-
50093400	GENODE51KBH	Volksbank Kelsterbach Ndl d Frankfurter VB
50110200	ICBKDEFFXXX	Industrial and Commercial Bank of China
50110400	AUSKDEFFXXX	AKA Ausfuhrkredit GmbH
50110500	NATXDEFFXXX	NATIXIS Zweigniederlassung Deutschland
50110636	SCBLDEFXXXX	Standard Chartered Bank Frankfurt
50110700	FBGADEF1XXX	Frankfurter Bankgesellschaft (Deutschland)
50110800	CHASDEFXXXX	J.P. Morgan
50110801	CHASDEFXVR1	J.P. Morgan
50110808	CHASDEF2XXX	J.P. Morgan
50110855	JPMGDEFFXXX	J.P. Morgan
50110900	MNBIDEF1XXX	Navy Federal Credit Union - Overseas Military Bank
50120100	ICICDEFFXXX	ICICI Bank UK, Germany Branch
50120383	DELBDE33XXX	ABN AMRO Bank Frankfurt Branch - Bethmann Bank
50120600	COMMDEFFXXX	Bank of Communications Frankfurt branch
50120800	BMPBDEF2XXX	UniCredit German Branch
50120900	TVBADEFFXXX	VakifBank International Wien Zndl Deutschland
50127000	BPKODEFFXXX	PKO Bank Polski Niederlassung Deutschland
50127700	PAYODEF2XXX	PAYONE
50130000	NBPADEFFXXX	National Bank of Pakistan Zndl Frankfurt
50130400	MEFIDEMM501	Merck Finck A Quintet Private Bank
50130600	UBSWDEFFXXX	UBS Europe
50131000	ICBVDEFFXXX	Vietnam Joint Stock Commercial Bank for Industry and Trade
50131700	KODBDEFFXXX	The Korea Development Bank, Frankfurt Branch
50190000	FFVBDEFFXXX	Frankfurter Volksbank Rhein-Main
50190300	GENODE51FHC	Volksbank Höchst a.M., ZwNdl. der Frankfurter VB -alt-
50190400	GENODE51FGH	Volksbank Griesheim -alt-
50210200	RABODEFFTAR	Rabobank International Frankfurt Branch
50210295	RABODEFFXXX	Rabobank International Frankfurt Branch
50210800	PRCBDEFFXXX	ProCredit Bank, Frankfurt am Main
50210900	CITIDEFFXXX	Citibank Europe Germany Branch
50215500	ABASDEFFXXX	Hauck Aufhäuser Lampe Privatbank
50220085	SMHBDEFFXXX	UBS Europe
50220101	INVODEF2XXX	Kommunalkredit Austria, Zweigstelle Deutschland
50220300	HVBKDEFFXXX	WOORI BANK EUROPE
50220500	BOFSDEF1XXX	Lloyds Bank
50220707	CAIXDEFFXXX	CAIXABANK Zweigniederlassung Deutschland
50220900	HAUKDEFFXXX	Hauck Aufhäuser Lampe Privatbank
50228899	EFIBDEFFXXX	FIB Frankfurt International Bank
50230000	ABCADEFFXXX	Arab Banking Corporation Zweigniederlassung Frankfurt
50230600	ISBKDEFXXXX	Isbank
50230700	METZDEFFXXX	Metzler, B. - seel Sohn & Co
50230800	PLFGDE5AXXX	Ikano Bank
50230888	PLFGDE5AIKB	Ikano Bank
50234500	KTAGDEFFXXX	KT Bank
50250200	DLFGDE51XXX	Deutsche Leasing Finance
50310400	BARCDEFFXXX	Barclays Bank Ireland Frankfurt Branch
50310900	PCBCDEFFXXX	China Construction Bank Ndl Frankfurt
50320000	OWHBDEFFXXX	OWH
50320191	HYVEDEMM430	UniCredit Bank - HypoVereinsbank
50320500	BSCHDEFFXXX	Banco Santander Filiale Frankfurt
50320600	BCMADEFFXXX	Attijariwafa bank Europa ZNdl. Frankfurt
50320900	PICTDEFFXXX	Bank Pictet & Cie (Europe)
50324000	FTSBDEFAXXX	ABN AMRO Bank, Frankfurt Branch
50330000	SBINDEFFXXX	State Bank of India
50330200	MHBFDEFFXXX	Raisin Bank
50330201	RAISDEFFXXX	Raisin Bank
50330300	IRVTDEFXXXX	The Bank of New York Mellon
50330500	BCDMDEF1XXX	BANQUE CHAABI DU MAROC Agentur Frankfurt Ndl. Deutschland
50330600	SEPBDEFFXXX	Bank Sepah-Iran
50334400	BNYMDEF1XXX	The Bank of New York Mellon NL Frankfurt
50339900	PANXDEF2XXX	German branch of Unifiedpost Payments
50400000	MARKDEFFXXX	Bundesbank Zentrale
50510300	SMBCDEFFXXX	SMBC Bank EU
50520190	HYVEDEMM467	UniCredit Bank - HypoVereinsbank
50530000	GENODE51CRO	Cronbank
50540028	COBADEFFXXX	Commerzbank
50550020	HELADEF1OFF	Städtische Sparkasse Offenbach a.M.
50560102	GENODE51OF2	Raiffeisenbank Offenbach/M.-Bieber -alt-
50561315	GENODE51OBH	Vereinigte Volksbank Maingau -alt-
50570018	DEUTDEFF505	Deutsche Bank
50570024	DEUTDEDB505	Deutsche Bank
50580005	DRESDEFF505	Commerzbank vormals Dresdner Bank
50580085	DRESDEFFJ12	Commerzbank vormals Dresdner Bank, PCC DCC-ITGK 1
50590000	GENODE51OF1	Offenbacher Volksbank -alt-
50592200	GENODE51DRE	VR Bank Dreieich-Offenbach
50640015	COBADEFFXXX	Commerzbank
50650023	HELADEF1HAN	SPARKASSE HANAU
50652124	HELADEF1SLS	Sparkasse Langen-Seligenstadt
50661639	GENODEF1LSR	VR Bank Main-Kinzig-Büdingen
50661816	GENODE51NIH	Volksbank Heldenbergen Ndl d Frankfurter VB
50662299	GENODEF1BKO	Raiffeisenbank Bruchköbel -alt-
50662669	RBMFDEF1XXX	Raiffeisenbank Maintal Ndl d Frankfurter VB
50663699	GENODEF1RDB	Raiffeisenbank
50670009	DEUTDEFF506	Deutsche Bank
50670024	DEUTDEDB506	Deutsche Bank
50680002	DRESDEFF506	Commerzbank vormals Dresdner Bank
50680085	DRESDEFFJ13	Commerzbank vormals Dresdner Bank, PCC DCC-ITGK 1
50690000	GENODEF1HUV	Volksbank Raiffeisenbank Hanau Ndl d Frankf VB
50691300	DZBMDEF1XXX	DZB BANK
50692100	GENODE51SEL	Volksbank Seligenstadt
50740048	COBADEFFXXX	Commerzbank
50750094	HELADEF1GEL	Kreissparkasse Gelnhausen
50761333	GENODE51BUE	Volksbank -alt-
50763319	GENODEF1BIR	Raiffeisenbank Vogelsberg -alt-
50780006	DRESDEFF524	Commerzbank vormals Dresdner Bank
50790000	GENODE51GEL	VR Bank Bad Orb-Gelnhausen
50793300	GENODE51BIV	Birsteiner Volksbank -alt-
50794300	GENODE51WBH	VR Bank Wächtersbach/Bad Soden-Salmünster -alt
50810900	BBSPDE6KXXX	Deutsche Bausparkasse Badenia (ehem. DBS Bausparkasse)
50820292	HYVEDEMM487	UniCredit Bank - HypoVereinsbank
50835800	MKGMDE51XXX	MCE Bank
50840005	COBADEFFXXX	Commerzbank
50850049	HELADEFF508	Landesbank Hessen-Thür Girozentrale
50850150	HELADEF1DAS	Sparkasse Darmstadt und Dieburg
50851952	HELADEF1ERB	Sparkasse Odenwaldkreis
50852553	HELADEF1GRG	Kreissparkasse Groß-Gerau
50852651	HELADEF1DIE	Sparkasse Dieburg -alt-
50861393	GENODE51BKZ	Spar- und Darlehnskasse Zell -alt-
50861501	GENODE51ABH	Raiffeisenbank Nördliche Bergstraße
50862311	GENODE51WGH	Volksbank Gräfenhausen -alt-
50862408	GENODE51GRI	Vereinigte Volksbank Griesheim-Weiterstadt -alt-
50862703	GENODE51REI	Volksbank Gersprenztal-Otzberg
50862835	GENODE51SHM	Raiffeisenbank Schaafheim -alt-
50862903	GENODE51GIN	Volksbank Mainspitze
50863513	GENODE51MIC	Vereinigte Volksbank Raiffeisenbank
50865224	GENODE51MWA	VB Mörfelden-Walldorf Ndl d Frankfurter VB
50865503	GENODE51EPT	Volksbank -alt-
50870005	DEUTDEFF508	Deutsche Bank
50870024	DEUTDEDB508	Deutsche Bank
50870324	DEUTDEDBP26	Postbank/DSL Ndl der Deutsche Bank
50870393	DEUTDEFFS26	Postbank/DSL Ndl der Deutsche Bank
50880050	DRESDEFF508	Commerzbank vormals Dresdner Bank
50880085	DRESDEFFJ14	Commerzbank vormals Dresdner Bank, PCC DCC-ITGK 1
50880086	DRESDEFFJ15	Commerzbank vormals Dresdner Bank, PCC DCC-ITGK 2
50890000	GENODEF1VBD	Volksbank Darmstadt - Südhessen -alt-
50950068	HELADEF1BEN	Sparkasse Bensheim
50951469	HELADEF1HEP	Sparkasse Starkenburg
50961206	GENODE51RBU	VR Bank Ried-Überwald, Bürstadt
50961592	GENODE51FHO	Volksbank Weschnitztal
50961685	GENODE51ABT	Volksbank Überwald-Gorxheimertal -alt-
50970004	DEUTDEFF509	Deutsche Bank
50970024	DEUTDEDB509	Deutsche Bank
51010400	AARBDE5WXXX	Aareal Bank
51020000	BHFBDEFF510	BHF-BANK
51020186	HYVEDEMM478	UniCredit Bank - HypoVereinsbank
51040038	COBADEFFXXX	Commerzbank
51050015	NASSDE55XXX	Nassauische Sparkasse
51051000	PULSDE5WXXX	S Broker Wiesbaden
51070021	DEUTDEFF510	Deutsche Bank
51070024	DEUTDEDB510	Deutsche Bank
51080060	DRESDEFF510	Commerzbank vormals Dresdner Bank
51080085	DRESDEFFJ16	Commerzbank vormals Dresdner Bank, PCC DCC-ITGK 1
51080086	DRESDEFFJ17	Commerzbank vormals Dresdner Bank, PCC DCC-ITGK2
51089410	DRESDEFFI20	Commerzbank vormals Dresdner Bank ITGK
51090000	WIBADE5WXXX	Wiesbadener Volksbank
51091500	GENODE51RGG	Rheingauer Volksbank
51091501	GENODE51RGG	Rheingauer Volksbank (Gf GAA)
51140029	COBADEFFXXX	Commerzbank
51150018	HELADEF1LIM	Kreissparkasse Limburg
51151919	HELADEF1WEI	Kreissparkasse Weilburg
51161606	GENODE51LDD	Volksbank Langendernbach
51170010	DEUTDEFF511	Deutsche Bank
51170024	DEUTDEDB511	Deutsche Bank
51180041	DRESDEFF511	Commerzbank vormals Dresdner Bank
51190000	GENODE51LIM	Vereinigte Volksbank Limburg -alt-
51191800	GENODE51SBH	Volksbank Schupbach -alt-
51192200	GENODE51WEM	Volks- und Raiffeisenbank Weilmünster -alt-
51210600	BNPADEFFXXX	BNP Paribas Niederlassung Deutschland
51210606	BNPADEFFXXX	BNP Paribas Niederlassung Deutschland
51210699	BNPADEFFXXX	BNP Paribas Niederlassung Deutschland
51210700	NZFMDEF1XXX	NIBC Bank Zndl Frankfurt am Main
51210800	SOGEDEFFXXX	Societe Generale
51210801	SGSSDEFFXXX	Societe Generale
51210802	SOGEDEFFXXX	Societe Generale
51210803	SOGEDEFFXXX	Societe Generale
51211000	NATXDEFPXXX	NATIXIS Pfandbriefbank
51220200	ESSEDEFFXXX	Skandinaviska Enskilda Banken (publ) Frankfurt Branch
51220400	SIHRDEH1FFM	Bank Saderat Iran
51220700	TCZBDEFFXXX	ZIRAAT BANK International
51220800	BRASDEFFXXX	Banco do Brasil
51220900	MSFFDEFXXXX	Morgan Stanley Bank
51220910	MSFFDEFXCND	Morgan Stanley Bank
51230500	SCBLDEFXXXX	Standard Chartered Bank
51230502	SCBLDEFXXXX	Standard Chartered Bank
51230555	PLFGDE5AIKB	Ikano Bank
51250000	HELADEF1TSK	Taunus-Sparkasse
51340013	COBADEFFXXX	Commerzbank
51343224	COBADEFFXXX	Commerzbank
51350025	SKGIDE5FXXX	Sparkasse Gießen
51351526	HELADEF1GRU	Sparkasse Grünberg
51352227	HELADEF1LAU	Sparkasse Laubach-Hungen
51361021	GENODE51HHE	Volksbank Heuchelheim
51370008	DEUTDEFF513	Deutsche Bank
51370024	DEUTDEDB513	Deutsche Bank
51380040	DRESDEFF513	Commerzbank vormals Dresdner Bank
51380085	DRESDEFFJ18	Commerzbank vormals Dresdner Bank, PCC DCC-ITGK 1
51390000	VBMHDE5FXXX	Volksbank Mittelhessen
51410700	BKCHDEFFXXX	Bank of China
51420200	MIBEDEFFXXX	Misr Bank-Europe
51420300	BAERDEF1XXX	Bank Julius Bär Deutschland
51430400	GOLDDEFFXXX	Goldman Sachs
51430410	GOLDDEFBXXX	Goldman Sachs
51432100	SABCDEFFXXX	Saman Bank Niederlassung Frankfurt
51540037	COBADEFFXXX	Commerzbank
51550035	HELADEF1WET	Sparkasse Wetzlar
51570008	DEUTDEFF515	Deutsche Bank
51570024	DEUTDEDB515	Deutsche Bank
51580044	DRESDEFF515	Commerzbank vormals Dresdner Bank
51591300	GENODE51WBO	Volksbank Brandoberndorf
51640043	COBADEFFXXX	Commerzbank
51650045	HELADEF1DIL	Sparkasse Dillenburg
51690000	GENODE51DIL	Volksbank Dill -alt-
51691500	GENODE51HER	Volksbank Herborn-Eschenburg -alt-
51752267	HELADEF1BAT	Sparkasse Battenberg -alt-
51762434	GENODE51BIK	VR Bank Lahn-Dill
51850079	HELADEF1FRI	Sparkasse Oberhessen
51861325	GENODEF1BVB	BVB Volksbank Ndl d Frankfurter Volksbank
51861403	GENODE51BUT	Volksbank Butzbach
51861616	GENODE51REW	Landbank Horlofftal
51861806	GENODE51OBM	Volksbank Ober-Mörlen
51961023	GENODE51ULR	Volksbank Ulrichstein
51961801	GENODE51FEL	Volksbank Feldatal -alt-
51990000	GENODE51LB1	Volksbank Lauterbach-Schlitz -alt-
52040021	COBADEFFXXX	Commerzbank
52050000	HELADEFF520	Landeskreditkasse Kassel
52050353	HELADEF1KAS	Kasseler Sparkasse
52051373	HELADEF1BOR	Stadtsparkasse Borken (Hessen) -alt-
52051555	HELADEF1FEL	Stadtsparkasse Felsberg -alt-
52051877	HELADEF1GRE	Stadtsparkasse Grebenstein
52052154	HELADEF1MEG	Kreissparkasse Schwalm-Eder
52053458	HELADEF1SWA	Sparkasse Borken-Schwalmstadt
52060000	GENODEFF520	DZ BANK
52060208	GENODEF1KS2	Kurhessische Landbank
52060410	GENODEF1EK1	Evangelische Bank
52060420	GENODEF1EK1	Evangelische Bank (Gf GAA)
52061303	GENODEF1BOR	Raiffeisenbank Borken Nordhessen -alt-
52062200	GENODEF1GUB	VR-Bank Chattengau -alt-
52062601	GENODEF1HRV	VR PartnerBank Chattengau-Schwalm-Eder
52063369	GENODEF1SPB	VR-Bank Spangenberg-Morschen
52063550	GENODEF1WOH	Raiffeisenbank HessenNord
52064156	GENODEF1BTA	Raiffeisenbank
52069013	GENODEF1BHN	Raiffeisenbank Burghaun -alt-
52069029	GENODEF1GMD	Spar-u. Kredit-Bank
52069065	GENODEF1BUR	Raiffeisenbank Langenschwarz -alt-
52069149	GENODEF1VLM	Raiffeisenbank Volkmarsen -alt-
52069519	GENODEF1FBK	Frankenberger Bank Raiffeisenbank -alt-
52070012	DEUTDEFF520	Deutsche Bank
52070024	DEUTDEDB520	Deutsche Bank
52071212	DEUTDEFF521	Deutsche Bank
52071224	DEUTDEDB521	Deutsche Bank
52080080	DRESDEFF520	Commerzbank vormals Dresdner Bank
52080085	DRESDEFFJ19	Commerzbank vormals Dresdner Bank, PCC DCC-ITGK1
52090000	GENODE51KS1	Volksbank Kassel Göttingen
52240006	COBADEFFXXX	Commerzbank
52250030	HELADEF1ESW	Sparkasse Werra-Meißner
52260385	GENODEF1ESW	VR-Bank Mitte
52270012	DEUTDEFF522	Deutsche Bank
52270024	DEUTDEDB522	Deutsche Bank
52350005	HELADEF1KOR	Sparkasse Waldeck-Frankenberg
52360059	GENODEF1KBW	Waldeck-Frankenberger Bank
52410300	RBAGDEF1XXX	ReiseBank
52410310	RBAGDEF1CMI	ReiseBank Gf2
52410400	KOEXDEFAXXX	KEB Hana Bank (Deutschland)
52411000	RBAGDEF1CMI	ReiseBank Gf3 vormals Cash Express
52411010	RBAGDEF1CMI	ReiseBank Gf4 vormals Cash Express
52420000	BSUIDEFFXXX	Credit Agricole CIB Deutschland
52420300	SHBKDEFFXXX	SHINHAN BANK EUROPE
52420600	ABGRDEFFXXX	Piraeus Bank Frankfurt Branch
52420700	SECGDEFFXXX	SECB Swiss Euro Clearing Bank
52430000	CMCIDEF1XXX	TARGOBANK FIRMENKUNDEN CIB
53040012	COBADEFFXXX	Commerzbank
53050180	HELADEF1FDS	Sparkasse Fulda
53051396	HELADEF1SLU	Kreissparkasse Schlüchtern
53060180	GENODE51FUL	VR Bank Fulda
53061230	GENODEF1HUE	VR-Bank NordRhön
53061313	GENODE51SLU	VR Bank Schlüchtern-Birstein -alt-
53062035	GENODEF1GLU	Raiffeisenbank im Fuldaer Land
53062350	GENODEF1PBG	Raiffeisenbank Biebergrund-Petersberg
53064023	GENODEF1FLN	Raiffeisenbank -alt-
53070007	DEUTDEFF530	Deutsche Bank
53070024	DEUTDEDB530	Deutsche Bank
53070324	DEUTDEDBP27	Postbank/DSL Ndl der Deutsche Bank
53070394	DEUTDEFFS27	Postbank/DSL Ndl der Deutsche Bank
53080030	DRESDEFF530	Commerzbank vormals Dresdner Bank
53093200	GENODE51ALS	VR VerbundBank
53093255	GENODE51AGR	AgrarBank
53240048	COBADEFFXXX	Commerzbank
53250000	HELADEF1HER	Sparkasse Bad Hersfeld-Rotenburg
53260145	GENODEF1HFA	Raiffeisenbank Asbach-Sorga -alt-
53261202	GENODEF1BEB	Bankverein Bebra -alt-
53261342	GENODEF1RAW	Raiffeisenbank Werratal-Landeck
53262073	GENODEF1HNT	Raiffeisenbank Haunetal -alt-
53262455	GENODEF1ROH	Raiffeisenbank Ronshausen-Marksuhl -alt-
53270012	DEUTDEFF532	Deutsche Bank
53270024	DEUTDEDB518	Deutsche Bank
53280081	DRESDEFF532	Commerzbank vormals Dresdner Bank
53290000	GENODE51BHE	VR-Bankverein Bad Hersfeld-Rotenburg -alt-
53340024	COBADEFFXXX	Commerzbank
53350000	HELADEF1MAR	Sparkasse Marburg-Biedenkopf
53370008	DEUTDEFF533	Deutsche Bank
53370024	DEUTDEDB533	Deutsche Bank
53380042	DRESDEFF533	Commerzbank vormals Dresdner Bank
53381843	DRESDEFF568	Commerzbank vormals Dresdner Bank
54020090	HYVEDEMM482	UniCredit Bank - HypoVereinsbank
54030011	SCRUDE51XXX	Service Credit Union Overseas Headquarters
54040042	COBADEFFXXX	Commerzbank
54050110	MALADE51KLS	Stadtsparkasse Kaiserslautern -alt-
54050220	MALADE51KLK	Sparkasse Kaiserslautern
54051550	MALADE51KUS	Kreissparkasse Kusel
54051660	MALADE51LAS	Stadtsparkasse Landstuhl -alt-
54051990	MALADE51ROK	Sparkasse Donnersberg
54061650	GENODE61LAN	VR-Bank Westpfalz -alt-
54062027	GENODE61ALB	Raiffeisenbank Donnersberg -alt-
54070024	DEUTDEDB540	Deutsche Bank
54070092	DEUTDESM540	Deutsche Bank
54080021	DRESDEFF540	Commerzbank vormals Dresdner Bank
54090000	GENODE61KL1	Volksbank Kaiserslautern
54091700	GENODE61LEK	Volksbank Lauterecken
54091800	GENODE61OB1	VR Bank Nordwestpfalz -alt-
54092400	GENODE61GLM	Volksbank Glan-Münchweiler
54220091	HYVEDEMM485	UniCredit Bank - HypoVereinsbank
54240032	COBADEFFXXX	Commerzbank
54250010	MALADE51SWP	Sparkasse Südwestpfalz
54261700	GENODE61ROA	VR-Bank Südwestpfalz Pirmasens-Zweibrücken
54270024	DEUTDEDB542	Deutsche Bank
54270096	DEUTDESM542	Deutsche Bank
54280023	DRESDEFF542	Commerzbank vormals Dresdner Bank
54291200	GENODE61DAH	Raiffeisen- u Volksbank Dahn -alt-
54500000	MARKDEF1545	Bundesbank
54510067	PBNKDEFFXXX	Postbank Ndl der Deutsche Bank
54520194	HYVEDEMM483	UniCredit Bank - HypoVereinsbank
54540033	COBADEFFXXX	Commerzbank
54550010	LUHSDE6AXXX	Sparkasse Vorderpfalz
54550120	MALADE51LUH	Kreissparkasse Rhein-Pfalz
54561310	GENODE61LBS	RV Bank Rhein-Haardt -alt-
54570024	DEUTDEDB545	Deutsche Bank
54570094	DEUTDESM545	Deutsche Bank
54580020	DRESDEFF545	Commerzbank vormals Dresdner Bank
54620093	HYVEDEMM620	UniCredit Bank - HypoVereinsbank
54640035	COBADEFFXXX	Commerzbank
54651240	MALADE51DKH	Sparkasse Rhein-Haardt
54661800	GENODE61FSH	Raiffeisenbank Freinsheim -alt-
54663270	GENODE61FHR	Raiffeisenbank Friedelsheim-Rödersheim -alt-
54670024	DEUTDEDB546	Deutsche Bank
54670095	DEUTDESM546	Deutsche Bank
54680022	DRESDEFF546	Commerzbank vormals Dresdner Bank
54691200	GENODE61DUW	VR Bank Mittelhaardt
54750010	MALADE51SPY	Kreis- und Stadtsparkasse Speyer
54790000	GENODE61SPE	Vereinigte VR Bank Kur- und Rheinpfalz
54850010	SOLADES1SUW	Sparkasse Südpfalz
54851440	MALADE51KAD	Sparkasse Germersheim-Kandel -alt-
54861190	GENODE61EDH	Raiffeisenbank Oberhaardt-Gäu -alt-
54862390	GENODE61HXH	Raiffeisenbank -alt-
54862500	GENODE61SUW	VR Bank Südpfalz
54891300	GENODE61BZA	VR Bank Südliche Weinstraße-Wasgau
55000000	MARKDEF1550	Bundesbank
55010400	AARBDE5WDOM	Aareal Bank GF - Banking & Digital Solutions -
55010424	AARBDE5W550	Aareal Bank ehem. Filiale Mainz
55010625	AARBDE5WCLE	Aareal Bank Clearing Wiesbaden
55010800	ISBRDE55XXX	Investitions- und Strukturbank RP
55020000	BHFBDEFF550	BHF-BANK
55020100	BKMZDE51XXX	Bausparkasse Mainz
55020486	HYVEDEMM486	UniCredit Bank - HypoVereinsbank
55020500	BFSWDE33MNZ	SozialBank
55020555	BFSWDE33MNZ	SozialBank
55020600	IMMODE5MXXX	Aareal Bank (formerly Westdeutsche ImmobilienBank)
55020700	SUFGDE51XXX	Süd-West-Kreditbank Finanzierung
55030500	CPLADE55XXX	TARGOBANK Gf FG
55033300	SCFBDE33XXX	Openbank Deutschland
55040022	COBADEFFXXX	Commerzbank
55040060	COBADEFFXXX	Commerzbank CC
55040061	COBADEFFXXX	Commerzbank CC
55050000	SOLADEST550	ZV Landesbank Baden-Württemberg
55050120	MALADE51MNZ	Sparkasse Mainz -alt-
55060321	GENODE51MZ4	VR-Bank Mainz -alt-
55060417	GENODE51MZ2	VR-Bank Mainz -alt-
55060611	GENODE51MZ6	Raiffeisenbank in Rheinhessen
55061303	GENODE51BUD	Budenheimer Volksbank
55061507	GENODE51HDS	VR-Bank Mainz -alt-
55061907	GENODE51NIS	Volksbank Rhein-Selz -alt-
55070024	DEUTDEDBMAI	Deutsche Bank
55070040	DEUTDE5MXXX	Deutsche Bank
55070324	DEUTDEDBP29	Postbank/DSL Ndl der Deutsche Bank
55070396	DEUTDE5MP29	Postbank/DSL Ndl der Deutsche Bank
55080044	COBADEFFXXX	Commerzbank, TF MZ 1
55080065	DRESDEFF550	Commerzbank vormals Dresdner Bank
55080085	DRESDEFFJ20	Commerzbank vormals Dresdner Bank, PCC DCC-ITGK 1
55080086	DRESDEFFJ21	Commerzbank vormals Dresdner Bank, PCC DCC-ITGK 2
55080088	DRESDEFF555	Commerzbank, TF MZ 2
55090500	GENODEF1S01	Sparda-Bank Südwest
55091200	GENODE61AZY	Volksbank Alzey-Worms
55150098	MALADE51EMZ	Clearingkonto LRP-SI
55160195	GENODED1PA4	Pax-Bank
55190000	MVBMDE55XXX	Volksbank Darmstadt Mainz
55340041	COBADEFFXXX	Commerzbank
55350010	MALADE51WOR	Rheinhessen Sparkasse
55361202	GENODE51AHM	VR Bank
55362071	GENODE51BEC	Volksbank Bechtheim -alt-
55390000	GENODE61WO1	Volksbank Worms-Wonnegau -alt-
56020086	HYVEDEMM515	UniCredit Bank - HypoVereinsbank
56050180	MALADE51KRE	Sparkasse Rhein-Nahe
56051790	MALADE51SIM	Kreissparkasse Rhein-Hunsrück
56061151	GENODED1KSL	Raiffeisenbank Kastellaun
56061472	GENODED1KHK	Vereinigte Volksbank Raiffeisenbank
56062227	GENODED1RBO	Volksbank Rheinböllen
56070024	DEUTDEDB560	Deutsche Bank
56070040	DEUTDE5M560	Deutsche Bank
56090000	GENODE51KRE	Volksbank Rhein-Nahe-Hunsrück
56240050	COBADEFFXXX	Commerzbank
56250030	BILADE55XXX	Kreissparkasse Birkenfeld
56261735	GENODED1FIN	Raiffeisenbank Nahe
56270024	DEUTDEDB562	Deutsche Bank
56270044	DEUTDE5M562	Deutsche Bank
57000000	MARKDEF1570	Bundesbank
57020086	HYVEDEMM401	UniCredit Bank - HypoVereinsbank
57020301	MKBKDE51XXX	MMV Bank
57020500	OYAKDE5KXXX	Oyak Anker Bank
57020600	DEBKDE51XXX	Debeka Bausparkasse
57040044	COBADEFFXXX	Commerzbank
57050120	MALADE51KOB	Sparkasse Koblenz
57051001	MALADE51BMB	Kreissparkasse Westerwald -alt-
57051870	MALADE51COC	Kreissparkasse Cochem-Zell -alt-
57060000	GENODEDD570	DZ BANK
57062675	GENODE51NWA	Raiffeisenbank
57064221	GENODED1MKA	Volksbank Mülheim-Kärlich -alt-
57069067	GENODED1LUH	Raiffeisenbank Lutzerather Höhe -alt-
57069081	GENODED1MOK	Raiffeisenbank Moselkrampen -alt-
57069144	GENODED1KAI	Raiffeisenbank MEHR
57069238	GENODED1ASN	Raiffeisenbank Neustadt
57069257	GENODED1UMO	Raiffeisenbank Untermosel -alt-
57069315	GENODED1SRH	Raiffeisenbank Straßenhaus -alt-
57069361	GENODED1WLG	Raiffeisenbank Welling
57069727	GENODED1IRR	Raiffeisenbank Irrel -alt-
57069806	GENODED1MBA	VR-Bank Hunsrück-Mosel -alt-
57070024	DEUTDEDB570	Deutsche Bank
57070045	DEUTDE5M570	Deutsche Bank
57070324	DEUTDEDBP28	Postbank/DSL Ndl der Deutsche Bank
57070395	DEUTDE5MP28	Postbank/DSL Ndl der Deutsche Bank
57080070	DRESDEFF570	Commerzbank vormals Dresdner Bank
57090000	GENODE51KOB	Volksbank Koblenz Mittelrhein -alt-
57090010	GENODE51KOB	Volksbank Koblenz Mittelrhein GAA -alt-
57090900	GENODEF1P12	PSD Bank Koblenz
57091000	GENODE51MON	Volksbank Montabaur-Höhr-Grenzhausen -alt-
57092800	GENODE51DIE	Volksbank Rhein-Lahn-Limburg
57263015	GENODE51ARZ	Raiffeisenbank Unterwesterwald -alt-
57351030	MALADE51AKI	Sparkasse Westerwald-Sieg
57361476	GENODED1GBS	Volksbank Gebhardshain
57363243	GENODED1NFB	Raiffeisenbank Niederfischbach -alt-
57391200	GENODE51DAA	Volksbank Daaden
57391500	GENODE51HAM	Volksbank Hamm/Sieg
57391800	GENODE51WW1	Westerwald Bank
57450120	MALADE51NWD	Sparkasse Neuwied
57460117	GENODED1NWD	VR Bank Rhein-Mosel -alt-
57461759	GENODED1MRW	Raiffeisenbank Mittelrhein -alt-
57470024	DEUTDEDB574	Deutsche Bank
57470047	DEUTDE5M574	Deutsche Bank
57650010	MALADE51MYN	Kreissparkasse Mayen
57661253	GENODED1KEH	Raiffeisenbank -alt-
57662263	GENODED1MPO	VR Bank Rhein-Mosel -alt-
57751310	MALADE51AHR	Kreissparkasse Ahrweiler
57761591	GENODED1BNA	VR Bank RheinAhrEifel
57761599	GENODED1BNA	Volksbank RheinAhrEifel (Gf GAA)
57762265	GENODED1GRO	Raiffeisenbank Grafschaft-Wachtberg
58520086	HYVEDEMM437	UniCredit Bank - HypoVereinsbank
58540035	COBADEFFXXX	Commerzbank
58550130	TRISDE55XXX	Sparkasse Trier
58560103	GENODED1TVB	Volksbank Trier -alt-
58560294	GENODED1PA3	Pax-Bank
58561626	GENODED1SRB	Volksbank Saarburg -alt-
58561771	GENODED1MLW	Raiffeisenbank Mehring-Leiwen
58564788	GENODED1HWM	Volksbank Hochwald-Saarburg -alt-
58570024	DEUTDEDB585	Deutsche Bank
58570048	DEUTDE5M585	Deutsche Bank
58580074	DRESDEFF585	Commerzbank vormals Dresdner Bank
58590900	GENODEF1P21	PSD Bank Trier Ndl der PSD Bank West
58650030	MALADE51BIT	Kreissparkasse Bitburg-Prüm
58651240	MALADE51DAU	Kreissparkasse Vulkaneifel
58660101	GENODED1BIT	Volksbank Trier Eifel
58661901	GENODED1WSC	Raiffeisenbank Westeifel
58662653	GENODED1OSE	Raiffeisenbank östl Südeifel -alt-
58691500	GENODED1PRU	Volksbank Eifel Mitte -alt-
58751230	MALADE51BKS	Sparkasse Mittelmosel-Eifel Mosel Hunsrück
58760954	GENODED1WTL	Vereinigte Volksbank Raiffeisenbank -alt-
58761343	GENODED1BPU	Raiffeisenbank Zeller Land -alt-
58771224	DEUTDEDB587	Deutsche Bank
58771242	DEUTDE5M587	Deutsche Bank
59000000	MARKDEF1590	Bundesbank
59010011	PBNKDEFF011	Postbank Ndl der Deutsche Bank
59010012	PBNKDEFF012	Postbank Ndl der Deutsche Bank
59010013	PBNKDEFF013	Postbank Ndl der Deutsche Bank
59010014	PBNKDEFF014	Postbank Ndl der Deutsche Bank
59010015	PBNKDEFF015	Postbank Ndl der Deutsche Bank
59010016	PBNKDEFF016	Postbank Ndl der Deutsche Bank
59010017	PBNKDEFF017	Postbank Ndl der Deutsche Bank
59010018	PBNKDEFF018	Postbank Ndl der Deutsche Bank
59010019	PBNKDEFF019	Postbank Ndl der Deutsche Bank
59010021	PBNKDEFF021	Postbank Ndl der Deutsche Bank
59010022	PBNKDEFF022	Postbank Ndl der Deutsche Bank
59010023	PBNKDEFF023	Postbank Ndl der Deutsche Bank
59010024	PBNKDEFF024	Postbank Ndl der Deutsche Bank
59010025	PBNKDEFF025	Postbank Ndl der Deutsche Bank
59010026	PBNKDEFF026	Postbank Ndl der Deutsche Bank
59010027	PBNKDEFF027	Postbank Ndl der Deutsche Bank
59010028	PBNKDEFF028	Postbank Ndl der Deutsche Bank
59010029	PBNKDEFF029	Postbank Ndl der Deutsche Bank
59010031	PBNKDEFF031	Postbank Ndl der Deutsche Bank
59010032	PBNKDEFF032	Postbank Ndl der Deutsche Bank
59010033	PBNKDEFF033	Postbank Ndl der Deutsche Bank
59010034	PBNKDEFF034	Postbank Ndl der Deutsche Bank
59010035	PBNKDEFF035	Postbank Ndl der Deutsche Bank
59010036	PBNKDEFF036	Postbank Ndl der Deutsche Bank
59010037	PBNKDEFF037	Postbank Ndl der Deutsche Bank
59010038	PBNKDEFF038	Postbank Ndl der Deutsche Bank
59010039	PBNKDEFF039	Postbank Ndl der Deutsche Bank
59010040	PBNKDEFF040	Postbank Ndl der Deutsche Bank
59010041	PBNKDEFF041	Postbank Ndl der Deutsche Bank
59010042	PBNKDEFF042	Postbank Ndl der Deutsche Bank
59010044	PBNKDEFF044	Postbank Ndl der Deutsche Bank
59010045	PBNKDEFF045	Postbank Ndl der Deutsche Bank
59010047	PBNKDEFF047	Postbank Ndl der Deutsche Bank
59010048	PBNKDEFF048	Postbank Ndl der Deutsche Bank
59010049	PBNKDEFF049	Postbank Ndl der Deutsche Bank
59010051	PBNKDEFF051	Postbank Ndl der Deutsche Bank
59010052	PBNKDEFF052	Postbank Ndl der Deutsche Bank
59010053	PBNKDEFF053	Postbank Ndl der Deutsche Bank
59010054	PBNKDEFF054	Postbank Ndl der Deutsche Bank
59010055	PBNKDEFF055	Postbank Ndl der Deutsche Bank
59010056	PBNKDEFF056	Postbank Ndl der Deutsche Bank
59010057	PBNKDEFF057	Postbank Ndl der Deutsche Bank
59010058	PBNKDEFF058	Postbank Ndl der Deutsche Bank
59010059	PBNKDEFF059	Postbank Ndl der Deutsche Bank
59010061	PBNKDEFF061	Postbank Ndl der Deutsche Bank
59010062	PBNKDEFF062	Postbank Ndl der Deutsche Bank
59010063	PBNKDEFF063	Postbank Ndl der Deutsche Bank
59010064	PBNKDEFF064	Postbank Ndl der Deutsche Bank
59010065	PBNKDEFF065	Postbank Ndl der Deutsche Bank
59010066	PBNKDEFFXXX	Postbank Ndl der Deutsche Bank
59010068	PBNKDEFF068	Postbank Ndl der Deutsche Bank
59010069	PBNKDEFF069	Postbank Ndl der Deutsche Bank
59010071	PBNKDEFF071	Postbank Ndl der Deutsche Bank
59010072	PBNKDEFF072	Postbank Ndl der Deutsche Bank
59010073	PBNKDEFF073	Postbank Ndl der Deutsche Bank
59010074	PBNKDEFF074	Postbank Ndl der Deutsche Bank
59010400	SIKBDE55XXX	Saarl Investitionskreditbank
59020090	HYVEDEMM432	UniCredit Bank - HypoVereinsbank
59020400	MEGHDE81XXX	mediserv Bank
59040000	COBADEFFXXX	Commerzbank
59050000	SALADE55XXX	Landesbank Saar
59050101	SAKSDE55XXX	Sparkasse Saarbrücken
59051090	SALADE51VKS	Stadtsparkasse Völklingen -alt-
59070000	DEUTDE5M555	Deutsche Bank
59070070	DEUTDEDB595	Deutsche Bank
59080090	DRESDEFF590	Commerzbank vormals Dresdner Bank
59090900	GENODEF1P19	PSD Bank RheinNeckarSaar
59092000	GENODE51SB2	Vereinigte Volksbank Saarlouis-Losheim-Sulzbach/Saar
59099550	GENODE51NOH	Volksbank Nahe-Schaumberg -alt-
59190000	SABADE5SXXX	Bank 1 Saar
59190200	GENODE51SLS	Volksbank Westliche Saar plus -alt-
59251020	SALADE51WND	Kreissparkasse St. Wendel
59252046	SALADE51NKS	Sparkasse Neunkirchen
59291000	GENODE51WEN	Unsere Volksbank St. Wendeler Land -alt-
59291200	GENODE51BEX	Volks- und Raiffeisenbank Saarpfalz -alt-
59320087	HYVEDEMM838	UniCredit Bank - HypoVereinsbank
59350110	KRSADE55XXX	Kreissparkasse Saarlouis
59351040	MERZDE55XXX	Sparkasse Merzig-Wadern
59390100	GENODE51SLF	Volksbank Saarlouis -alt-
59391200	GENODE51UBH	Volksbank Überherrn
59392000	GENODE51DSA	Volksbank Dillingen -alt-
59392200	GENODE51LOS	Volksbank Untere Saar -alt-
59393000	GENODE51LEB	levoBank
59450010	SALADE51HOM	Kreissparkasse Saarpfalz
59491300	GENODE51MBT	VR Bank Saarpfalz -alt-
60000000	MARKDEF1600	Bundesbank
60010070	PBNKDEFFXXX	Postbank Ndl der Deutsche Bank
60010424	AARBDE5W600	Aareal Bank ehem. Filiale Stuttgart
60010700	LKBWDE6K600	Landeskreditbank Baden-Württemberg Förderbank -alt-
60020030	SOLADEST601	Baden-Württembergische Bank
60020100	SCHWDESSXXX	M.M. Warburg & Co (vormals Schwäbische Bank)
60020290	HYVEDEMM473	UniCredit Bank - HypoVereinsbank
60030000	MEBEDE6SDCB	Mercedes-Benz Bank
60030100	BHBADES1XXX	Bankhaus Bauer, Essen
60030200	ELGEDES1XXX	Bankhaus Ellwanger & Geiger
60030600	CPLUDES1XXX	CreditPlus Bank
60030633	CPLUDES1633	CreditPlus Bank GF Credit Agricole Deutschland
60030666	CPLUDES1666	CreditPlus Bank
60030700	AKBADES1XXX	AKTIVBANK
60030900	ISBKDEFXSTU	Isbank Fil Stuttgart
60031000	TRUFDE66XXX	TRUMPF Financial Services
60033000	BSWLDE61XXX	Wüstenrot Bausparkasse
60035810	IBKBDES1XXX	GSCF Working Capital Bank
60040060	COBADEFFXXX	Commerzbank CC
60040061	COBADEFFXXX	Commerzbank CC
60040071	COBADEFFXXX	Commerzbank
60040075	COBADEFFXXX	Commerzbank, Filiale Stuttgart 2
60050000	SOLADESTXXX	Landesbank Baden-Württemberg
60050101	SOLADEST600	Landesbank Baden-Württemberg/Baden-Württembergische Bank
60060000	GENODESGXXX	DZ BANK
60060202	GENODESTXXX	DZ PRIVATBANK
60060396	GENODES1UTV	Volksbank am Württemberg
60062775	GENODES1ECH	Echterdinger Bank
60062909	GENODES1MCH	Volksbank Strohgäu -alt-
60069017	GENODES1DMS	Raiffeisenbank Dellmensingen -alt-
60069066	GENODES1RBA	Raiffeisenbank Niedere Alb
60069075	GENODES1RVG	Raiffeisenbank Bühlertal
60069147	GENODES1RSF	Raiffeisenbank Sondelfingen
60069158	GENODES1SAA	Raiffeisenbank Steinheim -alt-
60069206	GENODES1AID	Raiffeisenbank Aidlingen
60069224	GENODES1GWS	Genossenschaftsbank Weil im Schönbuch
60069239	GENODES1BPF	Bopfinger Bank Sechta-Ries
60069242	GENODES1RGR	Raiffeisenbank Gruibingen
60069245	GENODES1RVG	Raiffeisenbank Bühlertal
60069251	GENODES1RDI	Raiffeisenbank Donau-Iller -alt-
60069302	GENODES1ERM	Raiffeisenbank Erlenmoos -alt-
60069303	GENODES1RBS	Raiffeisenbank Bad Schussenried-Aulendorf -alt-
60069308	GENODES1RIN	Raiffeisenbank -alt-
60069315	GENODES1MDH	Volksbank Freiberg und Umgebung -alt-
60069336	GENODES1RMA	Raiffeisenbank Maitis
60069346	GENODES1REH	VR-Bank Alb-Blau-Donau
60069350	GENODES1RRG	Raiffeisenbank Reute-Gaisbeuren
60069355	GENODES1EHN	VR-Bank Ehningen-Nufringen
60069378	GENODES1DEH	Volksbank Dettenhausen
60069387	GENODES1DBE	Dettinger Bank
60069417	GENODES1KIB	Raiffeisenbank Kirchheim-Walheim -alt-
60069419	GENODES1UHL	Uhlbacher Bank -alt-
60069442	GENODES1RFS	Raiffeisenbank Frankenhardt-Stimpfach
60069455	GENODES1RVS	Raiffeisenbank Vordersteinenberg -alt-
60069457	GENODES1OTT	Raiffeisenbank Ottenbach
60069462	GENODES1WBB	Winterbacher Bank
60069463	GENODES1RKH	Raiffeisenbank Geislingen-Rosenfeld
60069476	GENODES1DEA	Raiffeisenbank Heidenheimer Alb -alt-
60069485	GENODES1ROW	Raiffeisenbank Oberer Wald -alt-
60069505	GENODES1VMT	Volksbank Murgtal -alt-
60069517	GENODES1SCA	Scharnhauser Bank -alt-
60069527	GENODES1RNS	Volksbank Brenztal
60069538	GENODES1LOC	Löchgauer Bank -alt-
60069544	GENODES1RWN	Raiffeisenbank Westhausen
60069545	GENODES1NUF	Nufringer Bank -Raiffeisen- -alt-
60069553	GENODES1HAR	Raiffeisenbank Aichhalden-Hardt-Sulgen
60069564	GENODES1RVA	Raiffeisenbank Vordere Alb -alt-
60069595	GENODES1SBB	Raiffeisenbank Schrozberg-Rot am See
60069639	GENODES1RIH	Raiffeisenbank Ingersheim -alt-
60069669	GENODES1EHB	Erligheimer Bank -alt-
60069673	GENODES1ABR	Abtsgmünder Bank -Raiffeisen-
60069680	GENODES1BRZ	Raiffeisenbank Bretzfeld-Neuenstein -alt-
60069685	GENODES1RWA	Raiffeisenbank Wangen
60069705	GENODES1SLA	Raiffeisenbank Schlat -alt-
60069706	GENODES1MEH	Raiffeisenbank -alt-
60069710	GENODES1RGF	Raiffeisenbank Gammesfeld
60069714	GENODES1IBR	Raiffeisenbank Hohenloher Land
60069727	GENODES1ROF	Raiffeisenbank Oberstenfeld -alt-
60069738	GENODES1FAN	Volksbank Freiberg und Umgebung -alt-
60069766	GENODES1BBO	Volks- und Raiffeisenbank Boll -alt-
60069795	GENODES1HHB	Volksbank Freiberg und Umgebung -alt-
60069798	GENODES1RHB	Raiffeisenbank Horb -alt-
60069817	GENODES1RMO	Raiffeisenbank -alt-
60069832	GENODES1URB	Raiffeisenbank Urbach -alt-
60069842	GENODES1DHB	Darmsheimer Bank -alt-
60069858	GENODES1VAI	Enztalbank -alt-
60069860	GENODES1FED	Federseebank -alt-
60069876	GENODES1ROG	Raiffeisenbank Oberes Gäu Ergenzingen -alt-
60069896	GENODES1PLE	Volksbank Freiberg und Umgebung -alt-
60069904	GENODES1RUW	VR-Bank Alb -alt-
60069905	GENODES1REM	Volksbank Remseck
60069911	GENODES1ERL	Raiffeisenbank
60069926	GENODES1VBG	Volksbank Glatten-Wittendorf -alt-
60069927	GENODES1BHB	Berkheimer Bank -alt-
60069931	GENODES1BGH	Raiffeisenbank
60069950	GENODES1TUN	Raiffeisenbank Tüngental
60069976	GENODES1BOE	Raiffeisenbank Böllingertal
60070024	DEUTDEDBSTG	Deutsche Bank
60070070	DEUTDESSXXX	Deutsche Bank
60070214	DEUTDESSP13	Postbank/DSL Ndl der Deutsche Bank
60070224	DEUTDEDBP13	Postbank/DSL Ndl der Deutsche Bank
60080000	DRESDEFF600	Commerzbank vormals Dresdner Bank
60080055	DRESDEFF608	Commerzbank vormals Dresdner Bank Zw 55
60080057	DRESDEFF609	Commerzbank vormals Dresdner Bank Gf Zw 57
60080085	DRESDEFFI50	Commerzbank vormals Dresdner Bank ITGK 2
60080086	DRESDEFFI54	Commerzbank vormals Dresdner Bank Gf PCC-ITGK 3
60080087	DRESDEFFI57	Commerzbank vormals Dresdner Bank, PCC DC-ITGK 4
60080088	DRESDEFFI58	Commerzbank vormals Dresdner Bank, PCC DC-ITGK 5
60089450	DRESDEFFI21	Commerzbank vormals Dresdner Bank ITGK
60090100	VOBADESSXXX	Volksbank Stuttgart
60090133	VOBADESSXXX	Volksbank Stuttgart GAA
60090300	GENODES1ZUF	Volksbank Zuffenhausen m Zndl Stammheimer VB
60090700	SWBSDESSXXX	SÜDWESTBANK - BAWAG Niederlassung Deutschland
60090800	GENODEF1S02	Sparda-Bank Baden-Württemberg
60090900	GENODEF1P20	PSD Bank RheinNeckarSaar
60120200	BHFBDEFF600	BHF-BANK
60120500	BFSWDE33STG	SozialBank
60133300	SCFBDE33XXX	Openbank Deutschland
60241074	COBADEFFXXX	Commerzbank
60250010	SOLADES1WBN	Kreissparkasse Waiblingen
60261329	GENODES1FBB	Fellbacher Bank
60261622	GENODES1WNS	VR-Bank Weinstadt -alt-
60261818	GENODES1RWT	Raiffeisenbank Weissacher Tal -alt-
60262063	GENODES1KOR	Korber Bank -alt-
60262693	GENODES1KRN	Kerner Volksbank -alt-
60270024	DEUTDEDB606	Deutsche Bank
60270073	DEUTDESS606	Deutsche Bank
60290110	GENODES1VWN	Volksbank Rems -alt-
60291120	GENODES1VBK	Volksbank Backnang
60320291	HYVEDEMM858	UniCredit Bank - HypoVereinsbank
60340071	COBADEFFXXX	Commerzbank Sindelfingen
60350130	BBKRDE6BXXX	Kreissparkasse Böblingen
60361923	GENODES1WES	Raiffeisenbank Weissach -alt-
60380002	DRESDEFF601	Commerzbank vormals Dresdner Bank
60390000	GENODES1BBV	Vereinigte Volksbanken
60390300	GENODES1LEO	Volksbank Leonberg-Strohgäu
60391310	GENODES1VBH	Volksbank in der Region
60391420	GENODES1MAG	VR-Bank Magstadt-Weissach -alt-
60420000	WBAGDE61XXX	Oldenburgische Landesbank AG
60420020	WBAGDEA1XXX	Oldenburgische Landesbank AG
60420021	WBAGDEA1XXX	Oldenburgische Landesbank AG
60420186	HYVEDEMM860	UniCredit Bank - HypoVereinsbank
60422000	SABUDES1XXX	RSB Retail+Service Bank
60440073	COBADEFFXXX	Commerzbank
60450050	SOLADES1LBG	Kreissparkasse Ludwigsburg
60460142	GENODES1EGL	Volksbank Freiberg und Umgebung -alt-
60462808	GENODES1AMT	VR-Bank Asperg-Markgröningen -alt-
60470024	DEUTDEDB604	Deutsche Bank
60470082	DEUTDESS604	Deutsche Bank
60480008	DRESDEFF604	Commerzbank vormals Dresdner Bank
60490150	GENODES1LBG	Volksbank Ludwigsburg -alt-
60491430	GENODES1VBB	VR-Bank Ludwigsburg
60661906	GENODES1WIM	Raiffeisenbank Wimsheim-Mönsheim -alt-
60663084	GENODES1RCW	Raiffeisenbank im Kreis Calw
60670024	DEUTDEDB659	Deutsche Bank
60670070	DEUTDESS659	Deutsche Bank
61030000	MARBDE6GXXX	Bankhaus Gebr. Martin
61040014	COBADEFFXXX	Commerzbank
61050000	GOPSDE6GXXX	Kreissparkasse Göppingen
61060500	GENODES1VGP	Volksbank Göppingen
61070024	DEUTDEDB610	Deutsche Bank
61070078	DEUTDESS610	Deutsche Bank
61080006	DRESDEFF610	Commerzbank vormals Dresdner Bank
61091200	GENODES1DGG	Volksbank-Raiffeisenbank Deggingen -alt-
61120286	HYVEDEMM859	UniCredit Bank - HypoVereinsbank
61140071	COBADEFFXXX	Commerzbank
61150020	ESSLDE66XXX	Kreissparkasse Esslingen-Nürtingen
61161696	GENODES1NHB	Volksbank Filder
61170024	DEUTDEDB611	Deutsche Bank
61170076	DEUTDESS611	Deutsche Bank
61180004	DRESDEFF611	Commerzbank vormals Dresdner Bank
61190110	GENODES1ESS	Volksbank Esslingen -alt-
61191310	GENODES1VBP	Volksbank Plochingen
61240048	COBADEFFXXX	Commerzbank
61261213	GENODES1TEC	Raiffeisenbank Teck -alt-
61261339	GENODES1HON	VR Bank Hohenneuffen-Teck -alt-
61262258	GENODES1WLF	Genossenschaftsbank Wolfschlugen -alt-
61262345	GENODES1BBF	Bernhauser Bank
61281007	DRESDEFF612	Commerzbank vormals Dresdner Bank
61290120	GENODES1NUE	Volksbank Mittlerer Neckar
61340079	COBADEFFXXX	Commerzbank
61361722	GENODES1HEU	Raiffeisenbank Rosenstein
61361975	GENODES1RML	Raiffeisenbank Mutlangen -alt-
61370024	DEUTDEDB613	Deutsche Bank
61370086	DEUTDESS613	Deutsche Bank
61390140	GENODES1VGD	Volksbank Schwäbisch Gmünd -alt-
61391410	GENODES1WEL	VR Bank Schwäbischer Wald
61420086	HYVEDEMM272	UniCredit Bank - HypoVereinsbank
61440086	COBADEFFXXX	Commerzbank
61450050	OASPDE6AXXX	Kreissparkasse Ostalb
61480001	DRESDEFF614	Commerzbank vormals Dresdner Bank
61490150	GENODES1AAV	VR-Bank Ostalb
61491010	GENODES1ELL	VR-Bank Ellwangen
62020000	HOEBDE61XXX	Hoerner-Bank
62040060	COBADEFFXXX	Commerzbank
62050000	HEISDE66XXX	Kreissparkasse Heilbronn
62061991	GENODES1VOS	Volksbank Sulmtal
62062215	GENODES1BIA	Volksbank Beilstein-Ilsfeld-Abstatt
62062643	GENODES1VFT	Volksbank Flein-Talheim
62063263	GENODES1VLS	VBU Volksbank im Unterland
62070024	DEUTDEDB620	Deutsche Bank
62070081	DEUTDESS620	Deutsche Bank
62080012	DRESDEFF620	Commerzbank vormals Dresdner Bank
62090100	GENODES1VHN	Volksbank Heilbronn -alt-
62091400	GENODES1VBR	Volksbank Brackenheim-Güglingen -alt-
62091600	GENODES1VMN	Volksbank Möckmühl
62091800	GENODES1VHL	Volksbank Hohenlohe
62220000	BSHHDE61XXX	Bausparkasse Schwäbisch Hall
62240048	COBADEFFXXX	Commerzbank
62250030	SOLADES1SHA	Sparkasse Schwäbisch Hall-Crailsheim
62251550	SOLADES1KUN	Sparkasse Hohenlohekreis
62280012	DRESDEFF622	Commerzbank vormals Dresdner Bank
62290110	GENODES1SHA	VR Bank Heilbronn Schwäbisch Hall
62291020	GENODES1CRV	Crailsheimer Volksbank -alt-
62391420	GENODES1VVT	Volksbank Vorbach-Tauber -alt-
63000000	MARKDEF1630	Bundesbank
63020086	HYVEDEMM461	UniCredit Bank - HypoVereinsbank
63040053	COBADEFFXXX	Commerzbank
63050000	SOLADES1ULM	Sparkasse Ulm
63061486	GENODES1LBK	VR-Bank Langenau-Ulmer Alb -alt-
63070024	DEUTDEDB630	Deutsche Bank
63070088	DEUTDESS630	Deutsche Bank
63080015	DRESDEFF630	Commerzbank vormals Dresdner Bank
63080085	DRESDEFFI59	Commerzbank vormals Dresdner Bank, PCC DCC-ITGK 1
63090100	ULMVDE66XXX	Volksbank Ulm-Biberach
63091010	GENODES1EHI	Donau-Iller Bank
63091200	GENODES1BLA	Volksbank Blaubeuren -alt-
63091300	GENODES1LAI	Volksbank Alb
63220090	HYVEDEMM271	UniCredit Bank - HypoVereinsbank
63240016	COBADEFFXXX	Commerzbank
63250030	SOLADES1HDH	Kreissparkasse Heidenheim
63290110	GENODES1HDH	Heidenheimer Volksbank
64000000	MARKDEF1640	Bundesbank
64020186	HYVEDEMM374	UniCredit Bank - HypoVereinsbank
64040033	COBADEFFXXX	Commerzbank
64040045	COBADEFFXXX	Commerzbank
64050000	SOLADES1REU	Kreissparkasse Reutlingen
64061854	GENODES1STW	VR Bank Tübingen -alt-
64070024	DEUTDEDB640	Deutsche Bank
64070085	DEUTDESS640	Deutsche Bank
64070215	DEUTDESSP14	Postbank/DSL Ndl der Deutsche Bank
64070224	DEUTDEDBP14	Postbank/DSL Ndl der Deutsche Bank
64080014	DRESDEFF640	Commerzbank vormals Dresdner Bank
64090100	VBRTDE6RXXX	Volksbank Reutlingen -alt-
64091200	GENODES1MTZ	Volksbank Ermstal-Alb
64091300	GENODES1MUN	Volksbank Münsingen
64140036	COBADEFFXXX	Commerzbank Tübingen
64150020	SOLADES1TUB	Kreissparkasse Tübingen
64161397	GENODES1AMM	Volksbank Raiffeisenbank AmmerGäu
64161608	GENODES1RHK	Raiffeisenbank Härten -alt-
64161956	GENODES1VMO	Volksbank Mössingen -alt-
64163225	GENODES1VHZ	Volksbank Hohenzollern-Balingen -alt-
64180014	DRESDEFF641	Commerzbank vormals Dresdner Bank
64190110	GENODES1TUE	Volksbank Tübingen -alt-
64191030	GENODES1NAG	Volksbank Nagoldtal -alt-
64191700	GENODES1HOR	Volksbank Horb -alt-
64240048	COBADEFFXXX	Commerzbank
64240071	COBADEFFXXX	Commerzbank
64250040	SOLADES1RWL	Kreissparkasse Rottweil
64251060	SOLADES1FDS	Kreissparkasse Freudenstadt
64261363	GENODES1BAI	Volksbank Baiersbronn Murgtal -alt-
64261626	GENODES1MMO	Murgtalbank Mitteltal - Obertal -alt-
64261853	GENODES1PGW	Volksbank Nordschwarzwald -alt-
64262408	GENODES1VDS	VR-Bank Dornstetten-Horb -alt-
64290120	GENODES1VRW	Volksbank Rottweil
64291010	GENODES1FDS	Volksbank Nordschwarzwald
64291420	GENODES1VDL	Volksbank Deisslingen
64292020	GENODES1SBG	Volksbank Schwarzwald-Neckar -alt-
64292310	GENODES1TRO	Volksbank Trossingen
64350070	SOLADES1TUT	Kreissparkasse Tuttlingen
64361359	GENODES1RDH	Raiffeisenbank Donau-Heuberg
64380011	DRESDEFF643	Commerzbank vormals Dresdner Bank
64390130	GENODES1TUT	Volksbank Schwarzwald-Donau-Neckar
65020186	HYVEDEMM588	UniCredit Bank - HypoVereinsbank
65040073	COBADEFFXXX	Commerzbank
65050110	SOLADES1RVB	Kreissparkasse Ravensburg
65061219	GENODES1AUL	Raiffeisenbank Aulendorf -alt-
65062577	GENODES1RRV	VR Bank Ravensburg-Weingarten -alt-
65063086	GENODES1SAG	Raiffeisenbank Bad Saulgau
65070024	DEUTDEDB650	Deutsche Bank
65070084	DEUTDESS650	Deutsche Bank
65080009	DRESDEFF650	Commerzbank vormals Dresdner Bank
65091040	GENODES1LEU	Volksbank Allgäu-Oberschwaben
65091300	GENODES1BWB	Bad Waldseer Bank -alt-
65091600	GENODES1VWG	Volksbank Weingarten -alt-
65092010	GENODES1WAN	Volksbank Allgäu-West -alt-
65092200	GENODES1VAH	Volksbank Altshausen -alt-.
65093020	GENODES1SLG	VR Bank Donau-Oberschwaben
65110200	IBBFDE81XXX	Internationales Bankhaus Bodensee
65140072	COBADEFFXXX	Commerzbank
65161497	GENODES1GMB	Genossenschaftsbank Meckenbeuren -alt-
65162832	GENODES1OTE	Raiffeisenbank Oberteuringen-Meckenbeuren
65180005	DRESDEFF651	Commerzbank vormals Dresdner Bank
65190110	GENODES1VFN	Volksbank Friedrichshafen -alt-
65191500	GENODES1TET	Volksbank Bodensee-Oberschwaben
65340004	COBADEFFXXX	Commerzbank
65341204	COBADEFFXXX	Commerzbank
65351050	SOLADES1SIG	Hohenz Landesbank Kreissparkasse Sigmaringen
65351260	SOLADES1BAL	Sparkasse Zollernalb
65361469	GENODES1HBM	Volksbank Heuberg -alt-
65361898	GENODES1WLB	VR Bank Heuberg-Winterlingen -alt-
65361989	GENODES1ONS	Onstmettinger Bank
65362499	GENODES1GEI	Raiffeisenbank Geislingen-Rosenfeld
65370024	DEUTDEDB653	Deutsche Bank
65370075	DEUTDESS653	Deutsche Bank
65380003	DRESDEFF653	Commerzbank vormals Dresdner Bank
65390120	GENODES1EBI	Volksbank Zollernalb
65391210	GENODES1BAL	Volksbank Balingen -alt-
65392030	GENODES1TAI	Volksbank Tailfingen -alt-
65440087	COBADEFFXXX	Commerzbank
65450070	SBCRDE66XXX	Kreissparkasse Biberach
65461878	GENODES1WAR	Raiffeisenbank Biberach -alt-
65462231	GENODES1ERO	Raiffeisenbank Illertal -alt-
65491320	GENODES1VBL	Volksbank Raiffeisenbank Laupheim-Illertal -alt-
65491510	GENODES1VRR	VR Bank Riedlingen-Federsee -alt-
66000000	MARKDEF1660	Bundesbank
66010075	PBNKDEFFXXX	Postbank Ndl der Deutsche Bank
66010200	BBSPDE6KXXX	Deutsche Bausparkasse Badenia
66010700	LKBWDE6KXXX	Landeskreditbank Baden-Württemberg Förderbank
66020020	SOLADEST663	Baden-Württembergische Bank
66020286	HYVEDEMM475	UniCredit Bank - HypoVereinsbank
66020500	BFSWDE33KRL	SozialBank
66020566	BFSWDE33KRL	SozialBank
66030600	ISBKDEFXXXX	Isbank eh Filiale Mannheim
66040018	COBADEFFXXX	Commerzbank
66040026	COBADEFFXXX	Commerzbank/Kreditcenter Badenia
66050000	SOLADEST660	Landesbank Baden-Württemberg
66050101	KARSDE66XXX	Sparkasse Karlsruhe
66051220	SOLADES1ETT	Sparkasse Ettlingen -alt-
66060000	GENODE6KXXX	DZ BANK
66060300	GENODE61KA3	Spar- und Kreditbank -alt-
66061407	GENODE61RH2	Spar- und Kreditbank
66061724	GENODE61WGA	Volksbank Stutensee-Weingarten -alt-
66062138	GENODE61EGG	Spar- und Kreditbank Hardt -alt-
66062366	GENODE61DET	Raiffeisenbank Hardt-Bruhrain
66069103	GENODE61ELZ	Raiffeisenbank Elztal
66069104	GENODE61DAC	Spar- und Kreditbank -alt-
66069342	GENODE61KTH	Volksbank Krautheim -alt-
66070004	DEUTDESM660	Deutsche Bank
66070024	DEUTDEDB660	Deutsche Bank
66070213	DEUTDESMP12	Postbank/DSL Ndl der Deutsche Bank
66070224	DEUTDEDBP12	Postbank/DSL Ndl der Deutsche Bank
66080052	DRESDEFF660	Commerzbank vormals Dresdner Bank
66090800	GENODE61BBB	BBBank
66090900	GENODEF1P10	PSD Bank Karlsruhe-Neustadt
66091200	GENODE61ETT	Volksbank Ettlingen
66190000	GENODE61KA1	Volksbank pur
66240002	COBADEFFXXX	Commerzbank
66250030	SOLADES1BAD	Sparkasse Baden-Baden Gaggenau
66251434	SOLADES1BHL	Sparkasse Bühl
66261092	GENODE61BHT	Spar- und Kreditbank
66261416	GENODE61ALR	Raiffeisenbank Altschweier
66270001	DEUTDESM662	Deutsche Bank
66270024	DEUTDEDB662	Deutsche Bank
66280053	DRESDEFF662	Commerzbank vormals Dresdner Bank
66290000	VBRADE6KXXX	Volksbank Baden-Baden Rastatt -alt-
66291300	GENODE61ACH	Volksbank Achern -alt-
66291400	GENODE61BHL	Volksbank Bühl
66340018	COBADEFFXXX	Commerzbank
66350036	BRUSDE66XXX	Sparkasse Kraichgau Bruchsal-Bretten-Sinsheim
66391200	GENODE61BTT	Volksbank Bruchsal-Bretten -alt-
66391600	GENODE61ORH	Volksbank Bruhrain-Kraich-Hardt -alt-
66432700	FAITDE66XXX	Yapi Kredi Bank Deutschland
66440084	COBADEFFXXX	Commerzbank
66450050	SOLADES1OFG	Sparkasse Offenburg/Ortenau
66451346	SOLADES1GEB	Sparkasse Gengenbach -alt-
66451548	SOLADES1HAL	Sparkasse Kinzigtal
66451862	SOLADES1KEL	Sparkasse Hanauerland
66452776	SOLADES1WOF	Sparkasse Wolfach
66470024	DEUTDEDB968	Deutsche Bank
66470035	DEUTDE6F664	Deutsche Bank
66490000	GENODE61OG1	Volksbank - Die Gestalterbank
66491800	GENODE61BHL	Volksbank Bühl Fil Kehl
66492600	GENODE61APP	Volksbank Appenweier-Urloffen Appenweier -alt-
66492700	GENODE61KZT	Volksbank Mittlerer Schwarzwald
66550070	SOLADES1RAS	Sparkasse Rastatt-Gernsbach
66562053	GENODE61DUR	Raiffeisenbank Südhardt Durmersheim
66562300	GENODE61IFF	VR-Bank in Mittelbaden
66640035	COBADEFFXXX	Commerzbank
66650085	PZHSDE66XXX	Sparkasse Pforzheim Calw
66661244	GENODE61NBT	Raiffeisenbank Bauschlott -alt-
66661329	GENODE61KBR	Raiffeisenbank Kieselbronn
66661454	GENODE61NFO	VR Bank im Enzkreis -alt-
66662155	GENODE61ERS	Raiffeisenbank Ersingen
66662220	GENODE61KBS	Volksbank Stein Eisingen -alt-
66670006	DEUTDESM666	Deutsche Bank
66670024	DEUTDEDB666	Deutsche Bank
66680013	DRESDEFF666	Commerzbank vormals Dresdner Bank
66690000	VBPFDE66XXX	Volksbank Pforzheim -alt-
66692300	GENODE61WIR	VR Bank Enz plus -alt-
66762332	GENODE61KIR	Raiffeisenbank Kraichgau -alt-
66762433	GENODE61NEU	Raiffeisenbank Neudenau-Stein-Herbolzheim -alt-
67020190	HYVEDEMM489	UniCredit Bank - HypoVereinsbank
67040031	COBADEFFXXX	Commerzbank
67040060	COBADEFFXXX	Commerzbank CC
67040061	COBADEFFXXX	Commerzbank CC
67040085	COBADEFFXXX	Commerzbank, Gf Web-K
67050505	MANSDE66XXX	Sparkasse Rhein Neckar Nord
67051203	SOLADES1HOC	Sparkasse Hockenheim
67060031	GENODE61MA3	Volksbank Sandhofen
67070010	DEUTDESMXXX	Deutsche Bank
67070024	DEUTDEDBMAN	Deutsche Bank
67080050	DRESDEFF670	Commerzbank vormals Dresdner Bank
67080085	DRESDEFFI60	Commerzbank vormals Dresdner Bank, PCC DCC-ITGK 2
67080086	DRESDEFFI61	Commerzbank vormals Dresdner Bank, PCC DCC-ITGK 3
67089440	DRESDEFFI22	Commerzbank vormals Dresdner Bank ITGK
67090000	GENODE61MA2	VR Bank Rhein-Neckar
67092300	GENODE61WNM	Volksbank Kurpfalz
67220286	HYVEDEMM479	UniCredit Bank - HypoVereinsbank
67230000	MLPBDE61XXX	MLP Banking
67230001	MLPBDE61001	MLP Banking Zw CS
67240039	COBADEFFXXX	Commerzbank
67250020	SOLADES1HDB	Sparkasse Heidelberg
67262243	GENODE61WIB	Raiffeisenbank Baiertal
67262550	GENODE61LRO	Volksbank Rot
67270003	DEUTDESM672	Deutsche Bank
67270024	DEUTDEDB672	Deutsche Bank
67280051	DRESDEFF672	Commerzbank vormals Dresdner Bank
67290000	GENODE61HD1	Heidelberger Volksbank -alt-
67290100	GENODE61HD3	Volksbank Kurpfalz -alt-
67291700	GENODE61NGD	Volksbank Heidelberg-Neckartal
67291900	GENODE61SSH	Volksbank Kraichgau -alt-
67292200	GENODE61WIE	Volksbank Kraichgau
67352565	SOLADES1TBB	Sparkasse Tauberfranken
67390000	GENODE61WTH	Ihre Volksbank Neckar Odenwald Main Tauber
67450048	SOLADES1MOS	Sparkasse Neckartal-Odenwald
67460041	GENODE61MOS	Volksbank Mosbach -alt-
67461424	GENODE61BUC	Volksbank Franken
67461733	GENODE61RNG	Volksbank Kirnau-Krautheim
67462368	GENODE61LMB	Volksbank Limbach
68000000	MARKDEF1680	Bundesbank
68020186	HYVEDEMM357	UniCredit Bank - HypoVereinsbank
68030000	BKMADE61XXX	Bankhaus E. Mayer
68040007	COBADEFFXXX	Commerzbank
68050101	FRSPDE66XXX	Sparkasse Freiburg-Nördlicher Breisgau
68051004	SOLADES1HSW	Sparkasse Hochschwarzwald
68051207	SOLADES1BND	Sparkasse Bonndorf-Stühlingen
68052230	SOLADES1STB	Sparkasse St. Blasien
68052328	SOLADES1STF	Sparkasse Staufen-Breisach
68052863	SOLADES1SCH	Sparkasse Schönau-Todtnau -alt-
68061505	GENODE61IHR	Volksbank Breisgau-Markgräflerland
68062105	GENODE61DEN	Raiffeisenbank Denzlingen-Sexau
68062730	GENODE61WYH	Raiffeisenbank Wyhl
68063479	GENODE61VOK	Raiffeisenbank Kaiserstuhl
68064222	GENODE61GUN	Raiffeisenbank im Breisgau
68070024	DEUTDEDBFRE	Deutsche Bank
68070030	DEUTDE6FXXX	Deutsche Bank
68070212	DEUTDE6FP11	Postbank/DSL Ndl der Deutsche Bank
68070224	DEUTDEDBP11	Postbank/DSL Ndl der Deutsche Bank
68080030	DRESDEFF680	Commerzbank vormals Dresdner Bank
68080031	DRESDEFFI44	Commerzbank vormals Dresdner Bank Zw Münsterstraße
68080085	DRESDEFFI62	Commerzbank vormals Dresdner Bank, PCC DCC-ITGK 1
68080086	DRESDEFFJ22	Commerzbank vormals Dresdner Bank, PCC DCC-ITGK 2
68090000	GENODE61FR1	Volksbank Freiburg
68090900	GENODEF1P07	PSD Bank RheinNeckarSaar
68091900	GENODE61MHL	Volksbank Müllheim -alt-
68092000	GENODE61EMM	Volksbank Breisgau Nord
68092300	GENODE61STF	Volksbank Staufen
68270024	DEUTDEDB682	Deutsche Bank
68270033	DEUTDE6F682	Deutsche Bank
68290000	GENODE61LAH	Volksbank Lahr
68340058	COBADEFFXXX	Commerzbank
68350048	SKLODE66XXX	Sparkasse Lörrach-Rheinfelden
68351557	SOLADES1SFH	Sparkasse Wiesental
68351865	SOLADES1MGL	Sparkasse Markgräflerland
68370024	DEUTDEDB683	Deutsche Bank
68370034	DEUTDE6F683	Deutsche Bank
68390000	VOLODE66XXX	Volksbank Dreiländereck
68391500	GENODE61SPF	VR Bank -alt-
68452290	SKHRDE6WXXX	Sparkasse Hochrhein
68462427	GENODE61WUT	Volksbank Klettgau-Wutöschingen
68490000	GENODE61BSK	Volksbank Rhein-Wehra -alt-
68492200	GENODE61WT1	Volksbank Hochrhein
69020190	HYVEDEMM591	UniCredit Bank - HypoVereinsbank
69040045	COBADEFFXXX	Commerzbank
69050001	SOLADES1KNZ	Sparkasse Bodensee
69051410	SOLADES1REN	Bezirkssparkasse Reichenau
69051620	SOLADES1PFD	Sparkasse Pfullendorf-Meßkirch
69051725	SOLADES1SAL	Sparkasse Salem-Heiligenberg
69061800	GENODE61UBE	Volksbank Überlingen
69070024	DEUTDEDB690	Deutsche Bank
69070032	DEUTDE6F690	Deutsche Bank
69091200	GENODE61HAG	Hagnauer Volksbank
69091600	GENODE61PFD	Volksbank Pfullendorf
69220186	HYVEDEMM590	UniCredit Bank - HypoVereinsbank
69240075	COBADEFFXXX	Commerzbank
69250035	SOLADES1SNG	Sparkasse Hegau-Bodensee
69251445	SOLADES1ENG	Sparkasse Engen-Gottmadingen
69251755	SOLADES1STO	Sparkasse Stockach -alt-
69270024	DEUTDEDB692	Deutsche Bank
69270038	DEUTDE6F692	Deutsche Bank
69280035	DRESDEFF692	Commerzbank vormals Dresdner Bank
69290000	GENODE61SIN	Volksbank Hegau -alt-
69291000	GENODE61RAD	Volksbank -alt-
69291099	GENODE61RAD	Volksbank Gf GA
69362032	GENODE61MES	Volksbank Meßkirch -alt-
69400000	MARKDEF1694	Bundesbank
69440007	COBADEFFXXX	Commerzbank Villingen u Schwenningen
69440060	COBADEFFXXX	Commerzbank CC
69450065	SOLADES1VSS	Sparkasse Schwarzwald-Baar
69470024	DEUTDEDB694	Deutsche Bank
69470039	DEUTDE6F694	Deutsche Bank
69490000	GENODE61VS1	Volksbank Schwarzwald Baar Hegau -alt-
69491700	GENODE61TRI	Volksbank Triberg -alt-
70000000	MARKDEF1700	Bundesbank
70010080	PBNKDEFFXXX	Postbank Ndl der Deutsche Bank
70010424	AARBDE5W700	Aareal Bank ehem. Filiale München
70010500	REBMDEMMXXX	Deutsche Pfandbriefbank
70010555	REBMDEMM555	Deutsche Pfandbriefbank
70010570	REBMDE7CXXX	Deutsche Pfandbriefbank
70010800	KHMIDEMMXXX	Middle East Bank, Munich Branch
70011200	VONTDEM1XXX	Bank Vontobel Europe
70011400	BFWODE71XXX	BfW - Bank für Wohnungswirtschaft
70011500	SIBADEMMXXX	SIEMENS BANK
70011600	WEGBDE77XXX	TEN31 Bank
70011900	ICRDDE71XXX	VERIFONE PAYMENTS
70012000	CLABDEM1XXX	UniCredit Family Financing Bank, Ndl der UniCredit
70012300	VBANDEMMXXX	V-Bank
70012600	SUSKDEM1XXX	Südtiroler Sparkasse Niederlassung München
70012700	DEPDDEMMXXX	VZ VermögensZentrum Bank
70012900	FXBBDEM2XXX	IBAN FIRST, Zweigniederlassung München
70013000	EBSGDEMXXXX	FNZ Bank
70013010	EFSGDEM1XXX	FNZ Bank
70013300	RZSTDEM2XXX	Raiffeisen-Landesbank Steiermark, Niederlassung München
70013400	CSHHDE71XXX	IC Cash Services
70013500	HERZDEM1XXX	Bankhaus Herzogpark
70015000	TEZGDEB1XXX	transact Elektronische Zahlungssysteme
70015015	TEZGDEB1001	transact Elektronische Zahlungssysteme
70015025	TEZGDEB1002	transact Elektronische Zahlungssysteme
70015035	TEZGDEB1003	transact Elektronische Zahlungssysteme
70017000	PAGMDEM1XXX	PayCenter
70020270	HYVEDEMMXXX	UniCredit Bank - HypoVereinsbank
70020300	WKVBDEM1XXX	BNP Paribas NL Deutschland
70020500	BFSWDE33MUE	SozialBank
70020570	BFSWDE33MUE	SozialBank
70020800	BCITDEFFMUC	INTESA SANPAOLO
70021180	HYVEDEMM418	UniCredit Bank - HypoVereinsbank
70022424	SCABDEMMXXX	Scalable Capital Bank
70025175	HYVEDEMM643	UniCredit Bank - HypoVereinsbank
70030300	CHDBDEHHXXX	Bankhaus Reuschel & Co -alt-
70030400	MEFIDEMMXXX	Merck Finck A Quintet Private Bank
70031000	BHLSDEM1XXX	Bankhaus Ludwig Sperrer
70032500	GAKDDEM1XXX	St.Galler Kantonalbank Deutschland
70033100	BDWBDEMMXXX	Baader Bank
70035000	OLBODEH2700	Oldenburgische Landesbank AG
70040041	COBADEFFXXX	Commerzbank
70040045	COBADEFFXXX	Commerzbank, Filiale München 2
70040048	COBADEFFXXX	Commerzbank GF-M48
70040060	COBADEFFXXX	Commerzbank Gf 860
70040061	COBADEFFXXX	Commerzbank Gf 861
70040062	COBADEFFXXX	Commerzbank CC
70040063	COBADEFFXXX	Commerzbank CC
70040070	COBADEFFXXX	Commerzbank, CC SP
70045050	COBADEFFXXX	Commerzbank Service-BZ
70050000	BYLADEMMXXX	Bayerische Landesbank
70051003	BYLADEM1FSI	Sparkasse Freising Moosburg
70051540	BYLADEM1DAH	Sparkasse Dachau
70051995	BYLADEM1ERD	Kreis- und Stadtsparkasse Erding-Dorfen
70052060	BYLADEM1LLD	Sparkasse Landsberg-Dießen
70053070	BYLADEM1FFB	Sparkasse Fürstenfeldbruck
70054306	BYLADEM1WOR	Sparkasse Bad Tölz-Wolfratshausen
70070010	DEUTDEMMXXX	Deutsche Bank
70070024	DEUTDEDBMUC	Deutsche Bank
70070324	DEUTDEDBP16	Postbank/DSL Ndl der Deutsche Bank
70070362	DEUTDEMMP16	Postbank/DSL Ndl der Deutsche Bank
70080000	DRESDEFF700	Commerzbank vormals Dresdner Bank
70080056	DRESDEFF714	Commerzbank vormals Dresdner Bank Zw 56
70080057	DRESDEFF724	Commerzbank vormals Dresdner Bank Gf ZW 57
70080085	DRESDEFFI55	Commerzbank vormals Dresdner Bank Gf PCC DCC-ITGK 3
70080086	DRESDEFFJ23	Commerzbank vormals Dresdner Bank, PCC DCC-ITGK 4
70080087	DRESDEFFJ24	Commerzbank vormals Dresdner Bank, PCC DCC-ITGK 5
70080088	DRESDEFFJ25	Commerzbank vormals Dresdner Bank, PCC DCC-ITGK 6
70089470	DRESDEFFI23	Commerzbank vormals Dresdner Bank ITGK
70089472	DRESDEFFI45	Commerzbank vormals Dresdner Bank ITGK
70090100	GENODEF1M04	Hausbank München
70090124	GENODEF1MU4	Hausbank München
70090500	GENODEF1S04	Sparda-Bank München
70091500	GENODEF1DCA	Volksbank Raiffeisenbank Dachau
70091510	GENODEF1DCA	Volksbank Raiffeisenbank Dachau (Gf GAA)
70091600	GENODEF1DSS	VR-Bank Landsberg-Ammersee
70091900	GENODEF1EDV	VR-Bank Erding -alt-
70093200	GENODEF1STH	VR Bank Starnberg-Zugspitze
70093400	GENODEF1ISV	VR-Bank Ismaning Hallbergmoos Neufahrn
70110088	PBNKDEFFXXX	Postbank Ndl der Deutsche Bank
70110500	MHYPDEMMXXX	Münchener Hypothekenbank
70120100	SBOSDEMXXXX	State Street Bank International
70120400	DABBDEMMXXX	BNP Paribas Niederlassung Deutschland
70120500	FMBKDEMMXXX	CACEIS Bank, Germany Branch
70120600	AGBMDEMMXXX	Airbus Bank
70120700	OBKLDEMXXXX	Oberbank Ndl Deutschland
70130800	GENODEF1M06	MERKUR PRIVATBANK
70133300	SCFBDE33XXX	Openbank Deutschland
70150000	SSKMDEMMXXX	Stadtsparkasse München
70160000	GENODEFF701	DZ BANK
70163370	GENODEF1FFB	Volksbank Raiffeisenbank Fürstenfeldbruck
70166486	GENODEF1OHC	VR Bank München Land
70169132	GENODEF1HFG	Raiffeisenbank Griesstätt-Halfing
70169165	GENODEF1SBC	Raiffeisenbank Chiemgau-Nord - Obing
70169168	GENODEF1RIW	VR-Bank Chiemgau-Süd -alt-
70169186	GENODEF1ODZ	Raiffeisenbank Pfaffenhofen a d Glonn
70169190	GENODEF1GKT	Raiffeisenbank Tattenhausen-Großkarolinenfeld -alt-
70169191	GENODEF1TEI	Raiffeisenbank Rupertiwinkel
70169195	GENODEF1TRU	Raiffeisenbank Trostberg-Traunreut -alt-
70169310	GENODEF1ALX	Alxing-Brucker Genossenschaftsbank
70169331	GENODEF1SSB	Raiffeisenbank südöstl. Starnberger See -alt-
70169333	GENODEF1EUR	Raiffeisenbank Beuerberg-Eurasburg
70169351	GENODEF1ELB	Raiffeisenbank Lechrain
70169356	GENODEF1EDR	Raiffeisenbank Erding -alt-
70169382	GENODEF1GIL	Raiffeisenbank Gilching
70169383	GENODEF1GMU	Raiffeisenbank Gmund am Tegernsee
70169388	GENODEF1HMA	Raiffeisenbank Haag-Gars-Maitenbeth
70169402	GENODEF1HHK	Raiffeisenbank Höhenkirchen und Umgebung -alt-
70169410	GENODEF1HZO	Raiffeisenbank Holzkirchen-Otterfing
70169413	GENODEF1HUA	Raiffeisenbank Singoldtal
70169450	GENODEF1ASG	Raiffeisen-Volksbank Ebersberg
70169459	GENODEF1MTW	Raiffeisenbank
70169460	GENODEF1MOO	Raiffeisenbank Westkreis Fürstenfeldbruck
70169464	GENODEF1M07	Genossenschaftsbank München
70169465	GENODEF1M08	Raiffeisenbank München-Nord
70169466	GENODEF1M03	Raiffeisenbank München-Süd
70169470	GENODEF1GAA	Raiffeisenbank München-Süd Gf GA
70169474	GENODEF1NSV	Raiffbk Neumarkt-St. Veit - Niederbergkirchen -alt-
70169476	GENODEF1NBK	Raiffeisenbank -alt-
70169509	GENODEF1PEI	Raiffeisenbank Pfaffenwinkel
70169521	GENODEF1RIG	Raiffeisenbank Raisting -alt-
70169524	GENODEF1RME	Bankhaus RSA
70169530	GENODEF1RWZ	Raiffeisenbank Neumarkt-St. Veit - Reischach
70169538	GENODEF1SWO	Raiffeisenbank St. Wolfgang-Schwindkirchen -alt-
70169541	GENODEF1THG	Raiffeisenbank Lech-Ammersee -alt-
70169543	GENODEF1HHS	Raiffeisenbank Isar-Loisachtal
70169558	GENODEF1SGA	Raiffeisenbank Steingaden
70169566	GENODEF1TAV	VR-Bank Taufkirchen-Dorfen
70169568	GENODEF1TAE	Raiffeisenbank Taufkirchen-Oberneukirchen
70169571	GENODEF1DTZ	Raiffeisenbank Tölzer Land -alt-
70169575	GENODEF1TRH	Raiffeisenbank
70169576	GENODEF1TUS	Raiffeisen-Volksbank Tüßling-Unterneukirchen
70169585	GENODEF1UNS	Raiffeisenbank Unterschleißheim-Haimhn -alt-
70169598	GENODEF1MIB	Raiffeisenbank im Oberland
70169599	GENODEF1WEI	Raiffeisenbank Weil u Umgebung -alt-
70169602	GENODEF1WM1	Raiffeisenbank Weilheim -alt-
70169605	GENODEF1ISE	VR-Bank Erding
70169614	GENODEF1FSR	Freisinger Bank Volksbank-Raiffeisenbank
70169619	GENODEF1ZOR	Raiffeisenbank Zorneding -alt-
70169653	GENODEF1AIG	Raiffeisenbank Aiglsbach -alt-
70169693	GENODEF1RHT	Raiffeisenbank Hallertau
70190000	GENODEF1M01	Münchner Bank
70190010	GENODEF1M1Y	Münchner Bank
70220000	LFFBDEMMXXX	LfA Förderbank Bayern
70220200	BHFBDEFF700	BHF-BANK
70220300	BMWBDEMUXXX	BMW Bank
70220900	DRESDEFFBFC	Wüstenrot Bausparkasse
70230600	ISBKDEFXMUN	Isbank Fil München
70250150	BYLADEM1KMS	Kreissparkasse München Starnberg Ebersberg
70320090	HYVEDEMM654	UniCredit Bank - HypoVereinsbank
70321194	HYVEDEMM466	UniCredit Bank - HypoVereinsbank
70322192	HYVEDEMM664	UniCredit Bank - HypoVereinsbank
70350000	BYLADEM1GAP	Kreissparkasse Garmisch-Partenkirchen -alt-
70351030	BYLADEM1WHM	Sparkasse Oberland
70362595	GENODEF1WAK	Raiffeisenbank Wallgau-Krün
70380006	DRESDEFF703	Commerzbank vormals Dresdner Bank
70390000	GENODEF1GAP	VR-Bank Werdenfels -alt-
70390010	GENODEF1GAP	VR-Bank Werdenfels
70391800	GENODEF1PZB	Volksbank-Raiffeisenbank Penzberg -alt-
71020072	HYVEDEMM410	UniCredit Bank - HypoVereinsbank
71021270	HYVEDEMM629	UniCredit Bank - HypoVereinsbank
71022182	HYVEDEMM453	UniCredit Bank - HypoVereinsbank
71023173	HYVEDEMM632	UniCredit Bank - HypoVereinsbank
71050000	BYLADEM1BGL	Sparkasse Berchtesgadener Land
71052050	BYLADEM1TST	Kreissparkasse Traunstein-Trostberg
71061009	GENODEF1AOE	VR meine Raiffeisenbank -alt-
71062802	GENODEF1AGE	Raiffeisenbank
71090000	GENODEF1BGL	Volksbank Raiffeisenbank Oberbayern Südost
71120077	HYVEDEMM448	UniCredit Bank - HypoVereinsbank
71120078	HYVEDEMM644	UniCredit Bank - HypoVereinsbank
71121176	HYVEDEMM438	UniCredit Bank - HypoVereinsbank
71122183	HYVEDEMM457	UniCredit Bank - HypoVereinsbank
71140041	COBADEFFXXX	Commerzbank Rosenheim
71141041	COBADEFFXXX	Commerzbank
71142041	COBADEFFXXX	Commerzbank
71150000	BYLADEM1ROS	Sparkasse Rosenheim-Bad Aibling
71151020	BYLADEM1MDF	Sparkasse Altötting-Mühldorf
71152570	BYLADEM1MIB	Kreissparkasse Miesbach-Tegernsee
71152680	BYLADEM1WSB	Kreis- und Stadtsparkasse Wasserburg
71160000	GENODEF1VRR	meine Volksbank Raiffeisenbank
71160161	GENODEF1ROR	VR Bank Rosenheim-Chiemsee -alt-
71161964	GENODEF1PRV	Volksbank-Raiffeisenbank Chiemsee -alt-
71162355	GENODEF1OBD	Raiffeisenbank Oberaudorf
71162804	GENODEF1ASU	Raiffeisenbank Aschau-Samerberg
71165150	GENODEF1AIB	Raiffeisenbank Mangfalltal -alt-
71180005	DRESDEFF711	Commerzbank vormals Dresdner Bank
71190000	GENODEF1ROV	Volksbank Rosenheim -alt-
71191000	GENODEF1MUL	VR-Bank Burghausen-Mühldorf -alt-
72000000	MARKDEF1720	Bundesbank
72012300	BTVADE61XXX	BTV Vier Länder Bank, Zweigniederlassung Deutschland
72020070	HYVEDEMM408	UniCredit Bank - HypoVereinsbank
72021271	HYVEDEMM236	UniCredit Bank - HypoVereinsbank
72021876	HYVEDEMM259	UniCredit Bank - HypoVereinsbank
72030014	FUBKDE71XXX	Fürst Fugger Privatbank
72030227	ANHODE77XXX	Bankhaus Anton Hafner
72030260	ANHODE7AXXX	Bankhaus Anton Hafner (Gf PayCenter)
72040046	COBADEFFXXX	Commerzbank
72050000	AUGSDE77XXX	Stadtsparkasse Augsburg
72050101	BYLADEM1AUG	Kreissparkasse Augsburg -alt-
72051210	BYLADEM1AIC	Sparkasse Altbayern
72051840	BYLADEM1GZK	Sparkasse Günzburg-Krumbach -alt-
72062152	GENODEF1MTG	VR-Bank Handels- und Gewerbebank
72069002	GENODEF1ADZ	Raiffeisenbank Adelzhausen-Sielenbach -alt-
72069005	GENODEF1AIL	Raiffeisenbank Lech-Donau
72069034	GENODEF1BSI	Raiffeisenbank Bissingen -alt-
72069036	GENODEF1BOI	Raiffeisenbank Bobingen
72069043	GENODEF1GZ2	VR-Bank Donau-Mindel
72069105	GENODEF1HTF	Raiffeisenbank
72069113	GENODEF1HZH	Raiffeisenbank Aschberg -alt-
72069119	GENODEF1ICH	Raiffeisenbank Ichenhausen
72069123	GENODEF1JET	Raiffeisenbank Jettingen-Scheppach -alt-
72069126	GENODEF1BBT	Raiffeisenbank Mittelschwaben
72069132	GENODEF1KRR	Raiffeisenbank Krumbach/Schwaben -alt-
72069135	GENODEF1LST	Raiffeisenbank Stauden -alt-
72069155	GENODEF1MRI	Raiffeisenbank Wittelsbacher Land
72069179	GENODEF1BWI	Raiffeisenbank Unteres Zusamtal
72069181	GENODEF1OFF	Raiffeisenbank -alt-
72069193	GENODEF1RLI	Raiffeisenbank
72069209	GENODEF1RGB	Raiffeisenbank -alt-
72069220	GENODEF1SMU	Raiffeisenbank Schwabmünchen-Stauden
72069235	GENODEF1THS	Raiffeisenbank
72069263	GENODEF1WTS	Raiffeisenbank Wittislingen -alt-
72069274	GENODEF1ZUS	Raiffeisenbank Augsburger Land West
72069308	GENODEF1WDN	Raiffeisen-Volksbank Wemding -alt-
72069329	GENODEF1NOE	Raiffeisen-Volksbank Ries
72069736	GENODEF1BLT	Raiffeisenbank Schwaben Mitte
72069789	GENODEF1PFA	Raiffeisenbank Pfaffenhausen
72070001	DEUTDEMM720	Deutsche Bank
72070024	DEUTDEDB720	Deutsche Bank
72070324	DEUTDEDBP19	Postbank/DSL Ndl der Deutsche Bank
72070365	DEUTDEMMP19	Postbank/DSL Ndl der Deutsche Bank
72080001	DRESDEFF720	Commerzbank vormals Dresdner Bank
72090000	GENODEF1AUB	VR Bank Augsburg-Ostallgäu
72090500	GENODEF1S03	Sparda-Bank Augsburg
72090900	GENODEF1P14	PSD Bank München
72091800	GENODEF1GZ1	Volksbank Günzburg -alt-
72120078	HYVEDEMM426	UniCredit Bank - HypoVereinsbank
72122181	HYVEDEMM665	UniCredit Bank - HypoVereinsbank
72140052	COBADEFFXXX	Commerzbank
72150000	BYLADEM1ING	Sparkasse Ingolstadt Eichstätt
72151340	BYLADEM1EIS	Sparkasse Eichstätt -alt-
72151650	BYLADEM1PAF	Sparkasse Pfaffenhofen
72151880	BYLADEM1SSH	Stadtsparkasse Schrobenhausen -alt-
72152070	BYLADEM1NEB	Sparkasse Neuburg-Rain -alt-
72160818	GENODEF1INP	Volksbank Raiffeisenbank Bayern Mitte
72169013	GENODEF1ARH	Raiffeisenbank Aresing-Hörzhausen-Schiltberg -alt-
72169080	GENODEF1GSB	Raiffeisenbank Aresing-Gerolsbach
72169218	GENODEF1SBN	Schrobenhausener Bank
72169246	GENODEF1WFN	Raiffeisenbank Schrobenhausener Land
72169380	GENODEF1BLN	Raiffeisenbank Beilngries -alt-
72169745	GENODEF1WDF	Raiffeisenbank Ehekirchen-Oberhausen -alt-
72169756	GENODEF1ND2	VR Bank Neuburg-Rain
72169764	GENODEF1WRI	Raiffeisenbank Donaumooser Land -alt-
72169812	GENODEF1GAH	Raiffeisenbank im Donautal
72169831	GENODEF1RBL	Raiffeisenbank Riedenburg-Lobsing -alt-
72170007	DEUTDEMM721	Deutsche Bank
72170024	DEUTDEDB721	Deutsche Bank
72170324	DEUTDEDBP17	Postbank/DSL Ndl der Deutsche Bank
72170363	DEUTDEMMP17	Postbank/DSL Ndl der Deutsche Bank
72180002	DRESDEFF721	Commerzbank vormals Dresdner Bank
72220074	HYVEDEMM255	UniCredit Bank - HypoVereinsbank
72223182	HYVEDEMM263	UniCredit Bank - HypoVereinsbank
72250000	BYLADEM1NLG	Sparkasse Nördlingen -alt-
72250160	BYLADEM1DON	Sparkasse Donauwörth -alt-
72251520	BYLADEM1DLG	Sparkasse Nordschwaben
72261754	GENODEF1RLH	Raiffeisenbank Rain am Lech -alt-
72262401	GENODEF1DLG	Raiffeisen-Volksbank Dillingen -alt-
72290100	GENODEF1DON	Raiffeisen-Volksbank Donauwörth
73050000	BYLADEM1NUL	Sparkasse Neu-Ulm-Illertissen
73061191	GENODEF1NU1	VR-Bank Neu-Ulm
73120075	HYVEDEMM436	UniCredit Bank - HypoVereinsbank
73140046	COBADEFFXXX	Commerzbank Memmingen
73150000	BYLADEM1MLM	Sparkasse Schwaben-Bodensee
73160000	GENODEF1MIR	Genossenschaftsbank Unterallgäu
73180011	DRESDEFF731	Commerzbank vormals Dresdner Bank
73190000	GENODEF1MM1	VR-Bank Memmingen
73320073	HYVEDEMM428	UniCredit Bank - HypoVereinsbank
73321177	HYVEDEMM567	UniCredit Bank - HypoVereinsbank
73322380	HYVEDEMM570	UniCredit Bank - HypoVereinsbank
73331700	GABLDE71XXX	Gabler-Saliter Bankgeschäft
73340046	COBADEFFXXX	Commerzbank Kempten Allgäu
73350000	BYLADEM1ALG	Sparkasse Allgäu
73369264	GENODEF1DTA	Raiffeisenbank im Allgäuer Land
73369821	GENODEF1LBB	VR SüdBank
73369823	GENODEF1WWA	Raiffeisenbank Westallgäu -alt-
73369826	GENODEF1LIA	Volksbank
73369851	GENODEF1AIT	Raiffeisenbank Aitrang-Ruderatshofen
73369854	GENODEF1FCH	Raiffeisenbank Fuchstal-Denklingen -alt-
73369859	GENODEF1BIN	Raiffeisenbank Bidingen
73369871	GENODEF1EGB	Raiffeisenbank Baisweil-Eggenthal-Friesenried
73369902	GENODEF1KM1	Raiffeisenbank Kempten -alt-
73369918	GENODEF1OKI	Raiffeisenbank Kirchweihtal
73369920	GENODEF1SFO	VR Bank Kempten-Oberallgäu
73369933	GENODEF1RHP	Raiffeisenbank Südliches Ostallgäu
73369936	GENODEF1SER	Raiffeisenbank Seeg -alt-
73369954	GENODEF1WGO	Raiffeisenbank Wald-Görisried
73370008	DEUTDEMM733	Deutsche Bank
73370024	DEUTDEDB733	Deutsche Bank
73380004	DRESDEFF733	Commerzbank vormals Dresdner Bank
73390000	GENODEF1KEV	Allgäuer Volksbank Kempten-Sonthofen
73392000	GENODEF1IMV	Volksbank Immenstadt
73420071	HYVEDEMM427	UniCredit Bank - HypoVereinsbank
73421478	HYVEDEMM666	UniCredit Bank - HypoVereinsbank
73440048	COBADEFFXXX	Commerzbank
73450000	BYLADEM1KFB	Kreis- und Stadtsparkasse Kaufbeuren -alt-
73451450	BYLADEM1SOG	Kreissparkasse Schongau -alt-
73480013	DRESDEFF734	Commerzbank vormals Dresdner Bank
74020074	HYVEDEMM445	UniCredit Bank - HypoVereinsbank
74020100	RZOODE77XXX	Raiffeisenlandesbank Oberösterreich Ndl Deutschland
74020150	RZOODE77XXX	Raiffeisenlandesbank Oberösterreich - Gf  interne Zwecke
74040082	COBADEFFXXX	Commerzbank Passau
74050000	BYLADEM1PAS	Sparkasse Passau
74051230	BYLADEM1FRG	Sparkasse Freyung-Grafenau
74061101	GENODEF1RGS	Raiffeisenbank Goldener Steig - Dreisessel
74061564	GENODEF1NUI	Raiffeisenbank Unteres Inntal
74061670	GENODEF1ORT	Raiffeisenbank Ortenburg-Kirchberg
74061813	GENODEF1PFK	VR-Bank Rottal-Inn
74061814	GENODEF1PFK	VR-Bank Rottal-Inn Gf GAA
74062490	GENODEF1VIR	VR-Bank Vilshofen-Pocking
74062786	GENODEF1TIE	Raiffeisenbank i Lkr Passau-Nord
74064593	GENODEF1WSD	Raiffeisenbank
74065782	GENODEF1SZT	Raiffeisenbank Salzweg-Thyrnau -alt-
74066749	GENODEF1HZN	Raiffeisenbank Südl. Bayerischer Wald -alt-
74067000	GENODEF1POC	Rottaler Raiffeisenbank -alt-
74069744	GENODEF1GRT	Raiffeisenbank
74069752	GENODEF1HHU	Raiffeisenbank Hohenau-Mauth -alt-
74069758	GENODEF1TKI	Raiffeisenbank Kirchberg v. Wald -alt-
74069768	GENODEF1NHD	Raiffeisenbank am Dreisessel -alt-
74090000	GENODEF1PA1	VR-Bank Passau
74120071	HYVEDEMM415	UniCredit Bank - HypoVereinsbank
74131000	TEKRDE71XXX	TEBA Kreditbank
74140048	COBADEFFXXX	Commerzbank
74150000	BYLADEM1DEG	Sparkasse Deggendorf
74151450	BYLADEM1REG	Sparkasse Regen-Viechtach
74160025	GENODEF1DEG	Raiffeisenbank Deggendorf-Plattling-Sonnenwald
74161608	GENODEF1HBW	Raiffeisenbank Hengersberg-Schöllnach
74164149	GENODEF1RGE	VR-Bank -alt-
74165013	GENODEF1AUS	Raiffeisenbank Sonnenwald -alt-
74180009	DRESDEFF741	Commerzbank vormals Dresdner Bank
74190000	GENODEF1DGV	VR GenoBank DonauWald
74191000	GENODEF1LND	VR-Bank Landau-Mengkofen
74220075	HYVEDEMM452	UniCredit Bank - HypoVereinsbank
74221170	HYVEDEMM675	UniCredit Bank - HypoVereinsbank
74240062	COBADEFFXXX	Commerzbank Straubing
74250000	BYLADEM1SRG	Sparkasse Niederbayern-Mitte
74251020	BYLADEM1CHM	Sparkasse im Landkreis Cham
74260110	GENODEF1SR2	Raiffeisenbank Straubing
74261024	GENODEF1CHA	Raiffeisenbank Chamer Land
74290000	GENODEF1SR1	VR-Bank Ostbayern-Mitte
74290100	CBSRDE71XXX	CB Bank
74320073	HYVEDEMM433	UniCredit Bank - HypoVereinsbank
74340077	COBADEFFXXX	Commerzbank
74350000	BYLADEM1LAH	Sparkasse Landshut
74351430	BYLADEM1EGF	Sparkasse Rottal-Inn
74351740	BYLADEM1MSB	Stadt- und Kreissparkasse Moosburg -alt-
74361211	GENODEF1ARF	Raiffeisenbank Arnstorf
74362663	GENODEF1ERG	Raiffeisenbank Landshuter Land
74364689	GENODEF1PFF	Raiffeisenbank Pfeffenhausen-Rottenburg-Wildenberg -alt-
74369068	GENODEF1LWE	Raiffeisenbank Hofkirchen-Bayerbach
74369088	GENODEF1GPF	Raiffeisenbank Geiselhöring-Pfaffenberg
74369130	GENODEF1PST	Raiffeisenbank Parkstetten
74369146	GENODEF1RZK	Raiffeisenbank Rattiszell-Konzell
74369656	GENODEF1ENA	Raiffeisenbank Essenbach -alt-
74369662	GENODEF1EBV	Raiffeisenbank Buch-Eching
74369704	GENODEF1MKO	Raiffeisenbank Mengkofen-Loiching -alt-
74380007	DRESDEFF743	Commerzbank vormals Dresdner Bank
74390000	GENODEF1LH1	VR-Bank Landshut
74391400	GENODEF1EGR	VR-Bank Rottal-Inn
74392300	GENODEF1VBV	VR-Bank Isar-Vils
75000000	MARKDEF1750	Bundesbank
75020073	HYVEDEMM447	UniCredit Bank - HypoVereinsbank
75021174	HYVEDEMM804	UniCredit Bank - HypoVereinsbank
75040062	COBADEFFXXX	Commerzbank Regensburg
75050000	BYLADEM1RBG	Sparkasse Regensburg
75051040	BYLADEM1SAD	Sparkasse im Landkreis Schwandorf
75051565	BYLADEM1KEH	Kreissparkasse Kelheim
75060150	GENODEF1R02	Raiffeisenbank Regensburg-Wenzenbach
75061168	GENODEF1SWN	Raiffeisenbank Schwandorf-Nittenau -alt-
75061851	GENODEF1REF	Raiffeisenbank Regenstauf
75062026	GENODEF1DST	Raiffeisenbank Oberpfalz Süd
75069014	GENODEF1ABS	Raiffeisenbank Kreis Kelheim
75069015	GENODEF1NGG	Raiffeisenbank Bad Gögging -alt-
75069020	GENODEF1BUK	Raiffeisenbank Bruck -alt-
75069038	GENODEF1FKS	Raiffeisenbank Falkenstein-Wörth
75069050	GENODEF1GRW	Raiffeisenbank Grafenwöhr-Kirchenthumbach -alt-
75069055	GENODEF1HGA	Raiffeisenbank Alteglofsheim-Hagelstadt
75069061	GENODEF1HEM	Raiffeisenbank im Oberpfälzer Jura
75069078	GENODEF1SZV	Raiffeisenbank Sinzing
75069081	GENODEF1KTZ	Raiffeisenbank Bad Kötzting
75069094	GENODEF1PAR	Raiffeisenbank Parsberg-Velburg -alt-
75069110	GENODEF1NKN	Raiffeisenbank Eschlkam-Lam-Lohberg-Neukirchen b Hl Blut
75069171	GENODEF1SWD	VR Bank Mittlere Oberpfalz
75070013	DEUTDEMM750	Deutsche Bank
75070024	DEUTDEDB750	Deutsche Bank
75080003	DRESDEFF750	Commerzbank vormals Dresdner Bank
75090000	GENODEF1R01	Volksbank Raiffeisenbank Regensburg-Schwandorf
75090300	GENODEF1M05	LIGA Bank
75090500	GENODEF1S05	Sparda-Bank Ostbayern
75090900	GENODEF1P18	VR Bank Niederbayern-Oberpfalz
75091400	GENODEF1BLF	VR Bank Burglengenfeld -alt-
75220070	HYVEDEMM405	UniCredit Bank - HypoVereinsbank
75240000	COBADEFFXXX	Commerzbank
75250000	BYLADEM1ABG	Sparkasse Amberg-Sulzbach
75261700	GENODEF1SZH	Raiffeisenbank Sulzbach-Rosenberg -alt-
75290000	GENODEF1AMV	VR Bank Amberg-Sulzbach
75320075	HYVEDEMM454	UniCredit Bank - HypoVereinsbank
75340090	COBADEFFXXX	Commerzbank
75350000	BYLADEM1WEN	Sparkasse Oberpfalz Nord
75351960	BYLADEM1ESB	Vereinigte Sparkassen Eschenbach i d Opf
75360011	GENODEF1WEO	Raiffeisenbank Weiden -alt-
75362039	GENODEF1FLS	Raiffeisenbank Floß
75363189	GENODEF1NEW	Raiffeisenbank Neustadt-Vohenstrauß -alt-
75390000	GENODEF1WEV	Volksbank Raiffeisenbank Nordoberpfalz
76000000	MARKDEF1760	Bundesbank
76010085	PBNKDEFFXXX	Postbank Ndl der Deutsche Bank
76020070	HYVEDEMM460	UniCredit Bank - HypoVereinsbank
76020099	HYVEDEMMCAR	UniCredit Bank - HypoVereinsbank Prepaid Card
76026000	NORSDE71XXX	norisbank
76030080	CSDBDE71XXX	BNP Paribas Niederlassung Deutschland
76030600	ISBKDEFXNUR	Isbank Fil Nürnberg
76030800	BIWBDE33760	flatexDEGIRO Bank
76032000	TEAMDE71XXX	TeamBank Nürnberg
76032001	TEAMDE71TAT	TeamBank Nürnberg GF Austria
76035000	UMWEDE7NXXX	UmweltBank
76040060	COBADEFFXXX	Commerzbank CC
76040061	COBADEFFXXX	Commerzbank
76040062	COBADEFFXXX	Commerzbank CC
76040065	COBADEFFXXX	Commerzbank, Filiale Nürnberg 2
76050000	BYLADEMMXXX	Bayerische Landesbank
76050101	SSKNDE77XXX	Sparkasse Nürnberg
76052080	BYLADEM1NMA	Sparkasse Neumarkt i d OPf-Parsberg
76060000	GENODEFF760	DZ BANK
76060618	GENODEF1N02	Volksbank Raiffeisenbank -alt-
76061025	GENODEF1LAU	Raiffeisen Spar+Kreditbank Lauf a d Pegnitz
76061482	GENODEF1HSB	Raiffeisenbank im Nürnberger Land
76069369	GENODEF1AUO	Raiffeisenbank Auerbach-Freihung
76069372	GENODEF1WDS	Raiffeisenbank Bad Windsheim
76069378	GENODEF1BEH	Raiffeisenbank
76069404	GENODEF1DSB	Raiffeisenbank Uehlfeld-Dachsbach
76069409	GENODEF1DIH	Raiffeisenbank Dietenhofen -alt-
76069410	GENODEF1DIM	Raiffeisenbank Dietersheim und Umgebung
76069440	GENODEF1FEC	Raiffeisenbank Altdorf-Feucht -alt-
76069441	GENODEF1FEW	VR-Bank Feuchtwangen-Limes -alt-
76069448	GENODEF1FRD	Raiffeisenbank -alt-
76069449	GENODEF1FYS	Raiffeisen - meine Bank
76069462	GENODEF1GDG	Raiffeisenbank Altmühl-Jura
76069468	GENODEF1GU1	Raiffeisenbank Weißenburg-Gunzenhausen -alt-
76069486	GENODEF1HSC	Raiffeisenbank Hirschau
76069512	GENODEF1N08	Raiffeisenbank Knoblauchsland Nürnberg-Buch -alt-
76069553	GENODEF1NM1	Raiffeisenbank Neumarkt
76069559	GENODEF1NEA	VR TeilhaberBank Metropolregion Nürnberg
76069564	GENODEF1BTO	Raiffeisenbank Oberferrieden-Burgthann
76069576	GENODEF1BPL	Raiffeisenbank Plankstetten
76069602	GENODEF1HSE	Raiffeisenbank DreiFranken
76069611	GENODEF1SDM	Raiffeisenbank Unteres Vilstal
76069635	GENODEF1URS	Raiffeisenbank Ursensollen-Ammerthal-Hohenburg -alt-
76069663	GENODEF1WBA	Raiffeisenbank Heilsbronn-Windsbach -alt-
76069669	GENODEF1ZIR	Raiffeisenbank Knoblauchsland-Bibertgrund
76070012	DEUTDEMM760	Deutsche Bank
76070024	DEUTDEDB760	Deutsche Bank
76070324	DEUTDEDBP15	Postbank/DSL Ndl der Deutsche Bank
76070361	DEUTDEMMP15	Postbank/DSL Ndl der Deutsche Bank
76080040	DRESDEFF760	Commerzbank vormals Dresdner Bank
76080053	DRESDEFFAGI	Commerzbank vormals Dresdner Bank Zw 53
76080055	DRESDEFFI25	Commerzbank vormals Dresdner Bank Zw 55
76080085	DRESDEFFJ26	Commerzbank vormals Dresdner Bank, PCC DCC-ITGK 1
76080086	DRESDEFFJ27	Commerzbank vormals Dresdner Bank, PCC DCC-ITGK 2
76089480	DRESDEFFI24	Commerzbank vormals Dresdner Bank ITGK
76089482	DRESDEFFI46	Commerzbank vormals Dresdner Bank ITGK
76090400	GENODEF1N03	Evenord-Bank
76090500	GENODEF1S06	Sparda-Bank Nürnberg
76090900	GENODEF1P17	PSD Bank
76211900	GENODEF1WHD	CVW-Privatbank
76220073	HYVEDEMM419	UniCredit Bank - HypoVereinsbank
76240011	COBADEFFXXX	Commerzbank Fürth Bayern
76250000	BYLADEM1SFU	Sparkasse Fürth
76251020	BYLADEM1NEA	Sparkasse im Landkreis Neustadt a.d. Aisch - Bad Windsheim
76320072	HYVEDEMM417	UniCredit Bank - HypoVereinsbank
76340061	COBADEFFXXX	Commerzbank Erlangen
76350000	BYLADEM1ERH	Stadt- u. Kreissparkasse Erlangen Höchstadt Herzogenaurach
76351040	BYLADEM1FOR	Sparkasse Forchheim
76351560	BYLADEM1HOS	Kreissparkasse Höchstadt
76360033	GENODEF1ER1	VR-Bank Erlangen-Höchstadt-Herzogenaurach -alt-
76391000	GENODEF1FOH	VR Bank Bamberg-Forchheim Volks- Raiffeisenbank
76420080	HYVEDEMM065	UniCredit Bank - HypoVereinsbank
76450000	BYLADEM1SRS	Sparkasse Mittelfranken-Süd
76460015	GENODEF1SWR	Raiffeisenbank Roth-Schwabach -alt-
76461485	GENODEF1HPN	Raiffeisenbank am Rothsee -alt-
76520071	HYVEDEMM406	UniCredit Bank - HypoVereinsbank
76550000	BYLADEM1ANS	Sparkasse Ansbach
76551020	BYLADEM1DKB	Kreis- und Stadtsparkasse Dinkelsbühl -alt-
76551540	BYLADEM1GUN	Vereinigte Sparkassen Gunzenhausen -alt-
76551860	BYLADEM1ROT	Stadt- und Kreissparkasse Rothenburg -alt-
76560060	GENODEF1ANS	VR-Bank Mittelfranken Mitte
76591000	GENODEF1DKV	VR Bank im südlichen Franken
77020070	HYVEDEMM411	UniCredit Bank - HypoVereinsbank
77040080	COBADEFFXXX	Commerzbank Bamberg
77050000	BYLADEM1SKB	Sparkasse Bamberg
77060100	GENODEF1BA2	VR Bank Bamberg Raiffeisen-Volksbank -alt-
77061004	GENODEF1ALK	Raiffeisenbank Obermain Nord -alt-
77061425	GENODEF1EBR	Raiffeisen-Volksbank -alt-
77062014	GENODEF1BGB	Raiffeisenbank Burgebrach-Stegaurach
77062139	GENODEF1SFF	Volksbank Raiffeisenbank Obermain
77069044	GENODEF1KC2	Raiffeisenbank Küps-Mitwitz-Stockheim
77069051	GENODEF1HIS	Raiffeisenbank -alt-
77069052	GENODEF1HOB	Raiffeisenbank Heroldsbach -alt-
77069091	GENODEF1SFD	Raiffeisenbank Ebrachgrund -alt-
77069461	GENODEF1GBF	Vereinigte Raiffeisenbanken -alt-
77069739	GENODEF1THA	Raiffeisenbank Thurnauer Land -alt-
77069764	GENODEF1KEM	Raiffeisenbank Oberpfalz NordWest
77069782	GENODEF1SPK	Raiffeisenbank am Kulm
77069836	GENODEF1BGO	Raiffeisenbank Berg-Bad Steben -alt-
77069868	GENODEF1MGA	Raiffeisenbank Oberland
77069870	GENODEF1SZF	Raiffeisenbank Hochfranken West
77069906	GENODEF1WSZ	Raiffeisenbank Wüstenselbitz
77069908	GENODEF1ZSP	Raiffeisenbank Sparneck-Stammbach-Zell -alt-
77091800	GENODEF1LIF	VR-Bank Lichtenfels-Ebern
77120073	HYVEDEMM289	UniCredit Bank - HypoVereinsbank
77140061	COBADEFFXXX	Commerzbank
77150000	BYLADEM1KUB	Sparkasse Kulmbach-Kronach
77190000	GENODEF1KU1	VR Bank Oberfranken Mitte
77320072	HYVEDEMM412	UniCredit Bank - HypoVereinsbank
77322200	FODBDE77XXX	FNZ Bank
77340076	COBADEFFXXX	Commerzbank
77350110	BYLADEM1SBT	Sparkasse Bayreuth
77363749	GENODEF1GFS	Raiffeisenbank -alt-
77365792	GENODEF1HWA	Raiffeisenbank Fränkische Schweiz
78020070	HYVEDEMM424	UniCredit Bank - HypoVereinsbank
78040081	COBADEFFXXX	Commerzbank Hof Saale
78050000	BYLADEM1HOF	Sparkasse Hochfranken
78055050	BYLADEM1FIG	Sparkasse Hochfranken -alt-
78060896	GENODEF1HO1	VR Bank Bayreuth-Hof
78140000	COBADEFFXXX	Commerzbank
78160069	GENODEF1MAK	VR-Bank Fichtelgebirge-Frankenwald
78161575	GENODEF1WSS	Raiffeisenbank im Stiftland -alt-
78320076	HYVEDEMM480	UniCredit Bank - HypoVereinsbank
78340091	COBADEFFXXX	Commerzbank
78350000	BYLADEM1COB	Sparkasse Coburg-Lichtenfels
78360000	GENODEF1COS	VR-Bank Coburg
79000000	MARKDEF1790	Bundesbank
79020076	HYVEDEMM455	UniCredit Bank - HypoVereinsbank
79030001	FUCEDE77XXX	Fürstlich Castellsche Bank Credit-Casse
79032038	BSHADE71XXX	MERKUR PRIVATBANK
79040047	COBADEFFXXX	Commerzbank Würzburg
79050000	BYLADEM1SWU	Sparkasse Mainfranken Würzburg
79063060	GENODEF1EFD	Raiffeisenbank Estenfeld-Bergtheim -alt-
79063122	GENODEF1HBG	Raiffeisenbank Höchberg
79065028	GENODEF1BRK	VR-Bank Bad Kissingen
79069001	GENODEF1WED	Raiffeisenbank Mainschleife - Steigerwald
79069010	GENODEF1ATE	VR-Bank Schweinfurt -alt-
79069031	GENODEF1BHD	Raiffeisenbank Bütthard-Gaukönigshofen
79069150	GENODEF1GEM	Raiffeisenbank Main-Spessart
79069165	GENODEF1MLV	VR-Bank Main-Rhön
79069181	GENODEF1NDL	Raiffeisenbank -alt-
79069188	GENODEF1SLZ	Raiffeisenbank im Grabfeld
79069213	GENODEF1RNM	Raiffeisenbank
79070016	DEUTDEMM790	Deutsche Bank
79070024	DEUTDEDB790	Deutsche Bank
79080052	DRESDEFF790	Commerzbank vormals Dresdner Bank
79080085	DRESDEFFJ28	Commerzbank vormals Dresdner Bank, PCC DCC-ITGK 1
79090000	GENODEF1WU1	Volksbank Raiffeisenbank Würzburg
79161058	GENODEF1ERN	Raiffeisenbank Fränkisches Weinland -alt-
79161499	GENODEF1OBR	Raiffeisenbank Kitzinger Land -alt-
79190000	GENODEF1KT1	VR Bank Kitzingen
79320075	HYVEDEMM451	UniCredit Bank - HypoVereinsbank
79330111	FLESDEMMXXX	Bankhaus Max Flessa
79340054	COBADEFFXXX	Commerzbank Schweinfurt
79350000	BYLADEM1SSW	Städtische Sparkasse Schweinfurt -alt-
79350101	BYLADEM1KSW	Sparkasse Schweinfurt-Haßberge
79351010	BYLADEM1KIS	Sparkasse Bad Kissingen
79351730	BYLADEM1HAS	Sparkasse Ostunterfranken -alt-
79353090	BYLADEM1NES	Sparkasse Bad Neustadt a d Saale
79362081	GENODEF1GZH	VR-MainBank
79363016	GENODEF1NDT	Volksbank Raiffeisenbank Rhön-Grabfeld -alt-
79363151	GENODEF1HAS	Raiffeisen-Volksbank Haßberge
79364069	GENODEF1FWH	Raiffeisenbank Frankenwinheim und Umgebung -alt-
79380051	DRESDEFF793	Commerzbank vormals Dresdner Bank
79520070	HYVEDEMM407	UniCredit Bank - HypoVereinsbank
79540049	COBADEFFXXX	Commerzbank
79550000	BYLADEM1ASA	Sparkasse Aschaffenburg Miltenberg
79561348	GENODEF1BAG	Raiffeisenbank Bachgau -alt-
79562514	GENODEF1AB1	Raiffeisen-Volksbank Aschaffenburg -alt-
79565568	GENODEF1WAA	Raiffeisenbank Waldaschaff-Heigenbrücken -alt-
79567531	GENODEF1ALZ	VR-Bank -alt-
79568518	GENODEF1HAC	Raiffeisenbank Haibach-Obernau
79570024	DEUTDEDB795	Deutsche Bank
79570051	DEUTDEFF795	Deutsche Bank
79570324	DEUTDEDBP18	Postbank/DSL Ndl der Deutsche Bank
79570364	DEUTDEFFS18	Postbank/DSL Ndl der Deutsche Bank
79580099	DRESDEFF795	Commerzbank vormals Dresdner Bank
79589402	DRESDEFFI47	Commerzbank vormals Dresdner Bank ITGK
79590000	GENODEF1AB2	Volksbank Aschaffenburg -alt-
79650000	BYLADEM1MIL	Sparkasse Miltenberg-Obernburg -alt-
79665540	GENODEF1EAU	Raiffeisenbank Elsavatal
79666548	GENODEF1OBE	Raiffeisenbank Großostheim-Obernburg -alt-
79668509	GENODEF1ENB	Raiffeisenbank Eichenbühl und Umgebung
79690000	GENODEF1MIL	Raiffeisen-Volksbank Miltenberg -alt-
80020086	HYVEDEMM440	UniCredit Bank - HypoVereinsbank
80020087	HYVEDEMM462	UniCredit Bank - HypoVereinsbank
80040000	COBADEFFXXX	Commerzbank
80050500	NOLADE21MQU	Kreissparkasse Merseburg-Querfurt -alt-
80053000	NOLADE21BLK	Sparkasse Burgenlandkreis
80053572	NOLADE21DES	Stadtsparkasse Dessau
80053622	NOLADE21KOT	Kreissparkasse Köthen -alt-
80053722	NOLADE21BTF	Kreissparkasse Anhalt-Bitterfeld
80053762	NOLADE21HAL	Saalesparkasse
80054000	NOLADE21WSF	Kreissparkasse Weißenfels -alt-
80055008	NOLADE21EIL	Sparkasse Mansfeld-Südharz
80055500	NOLADE21SES	Salzlandsparkasse
80062608	GENODEF1JE1	Volksbank Elsterland -alt-
80063508	GENODEF1QLB	Harzer Volksbank
80063558	GENODEF1SGH	Volksbank
80063598	GENODEF1WB1	Volksbank Wittenberg
80063628	GENODEF1KOE	Volksbank
80063648	GENODEF1NMB	Volks- und Raiffeisenbank Saale-Unstrut
80063678	GENODEF1ZTZ	VR-Bank Zeitz -alt-
80063718	GENODEF1EIL	Volks- und Raiffeisenbank Eisleben -alt-
80080000	DRESDEFF800	Commerzbank vormals Dresdner Bank
80093574	GENODEF1DS1	Volksbank Dessau-Anhalt
80093784	GENODEF1HAL	Volksbank Halle, Saale
80550101	NOLADE21WBL	Sparkasse Wittenberg
80550200	NOLADE21ZER	Kreissparkasse Anhalt-Zerbst -alt-
81000000	MARKDEF1810	Bundesbank
81010400	NOLADE21LSA	Investitionsbank Sachsen-Anhalt
81020500	BFSWDE33MAG	SozialBank
81040000	COBADEFFXXX	Commerzbank
81050555	NOLADE21SDL	Kreissparkasse Stendal
81052000	NOLADE21HRZ	Harzsparkasse
81053272	NOLADE21MDG	Sparkasse MagdeBurg
81054000	NOLADE21JEL	Sparkasse Jerichower Land -alt-
81055000	NOLADE21HDL	Kreissparkasse Börde
81055555	NOLADE21SAW	Sparkasse Altmark West
81063028	GENODEF1KAB	Raiffeisenbank Kalbe-Bismark
81063238	GENODEF1BRG	Volksbank Jerichower Land
81068106	GENODED1KDM	Bank für Kirche und Diakonie - KD-Bank Gf Sonder-BLZ
81069052	GENODEF1WZL	Volksbank Börde-Bernburg
81070000	DEUTDE8MXXX	Deutsche Bank
81070024	DEUTDEDBMAG	Deutsche Bank
81080000	DRESDEFF810	Commerzbank vormals Dresdner Bank
81093034	GENODEF1GA1	Volksbank
81093054	GENODEF1SDL	Volksbank Stendal
81093274	GENODEF1MD1	Volksbank Magdeburg
82000000	MARKDEF1820	Bundesbank
82020086	HYVEDEMM498	UniCredit Bank - HypoVereinsbank
82020087	HYVEDEMM098	UniCredit Bank - HypoVereinsbank
82020088	HYVEDEMM824	UniCredit Bank - HypoVereinsbank
82040000	COBADEFFXXX	Commerzbank
82040085	COBADEFFXXX	Commerzbank, Gf Web-K
82050000	HELADEFF820	Landesbank Hessen-Thür Girozentrale Erfurt
82051000	HELADEF1WEM	Sparkasse Mittelthüringen
82052020	HELADEF1GTH	Kreissparkasse Gotha
82054052	HELADEF1NOR	Kreissparkasse Nordhausen
82055000	HELADEF1KYF	Kyffhäusersparkasse
82056060	HELADEF1MUE	Sparkasse Unstrut-Hainich
82057070	HELADEF1EIC	Kreissparkasse Eichsfeld
82060197	GENODED1PA5	Pax-Bank
82064038	GENODEF1MU2	VR Bank in Thüringen
82064088	GENODEF1ESA	VR Bank Ihre Heimatbank
82064168	GENODEF1GTH	Raiffeisenbank Gotha -alt-
82064188	GENODEF1WE1	VR Bank Weimar
82064228	ERFBDE8EXXX	Erfurter Bank -alt-
82070000	DEUTDE8EXXX	Deutsche Bank
82070024	DEUTDEDBERF	Deutsche Bank
82070324	DEUTDEDBP20	Postbank/DSL Ndl der Deutsche Bank
82070366	DEUTDE8EP20	Postbank/DSL Ndl der Deutsche Bank
82080000	DRESDEFF827	Commerzbank vormals Dresdner Bank
82094004	GENODEF1HIG	Volksbank Heiligenstadt -alt-
82094054	GENODEF1NDS	Nordthüringer Volksbank -alt-
83020086	HYVEDEMM468	UniCredit Bank - HypoVereinsbank
83020087	HYVEDEMM463	UniCredit Bank - HypoVereinsbank
83020088	HYVEDEMM484	UniCredit Bank - HypoVereinsbank
83040000	COBADEFFXXX	Commerzbank
83050000	HELADEF1GER	Sparkasse Gera-Greiz
83050200	HELADEF1ALT	Sparkasse Altenburger Land
83050303	HELADEF1SAR	Kreissparkasse Saalfeld-Rudolstadt
83050505	HELADEF1SOK	Kreissparkasse Saale-Orla
83053030	HELADEF1JEN	Sparkasse Jena-Saale-Holzland
83064488	GENODEF1HMF	Raiffeisen-Volksbank Hermsdorfer Kreuz
83065408	GENODEF1SLR	VR-Bank Altenburger Land / Deutsche Skatbank
83080000	DRESDEFF830	Commerzbank vormals Dresdner Bank
83094444	GENODEF1PN1	Raiffeisen-Volksbank Saale-Orla -alt-
83094454	GENODEF1RUJ	Volksbank Gera-Jena-Rudolstadt
83094494	GENODEF1ESN	Volksbank Eisenberg
83094495	GENODEF1ETK	EthikBank, Zndl der Volksbank Eisenberg
84020087	HYVEDEMM458	UniCredit Bank - HypoVereinsbank
84040000	COBADEFFXXX	Commerzbank
84050000	HELADEF1RRS	Rhön-Rennsteig-Sparkasse
84051010	HELADEF1ILK	Sparkasse Arnstadt-Ilmenau
84054040	HELADEF1HIL	Kreissparkasse Hildburghausen
84054722	HELADEF1SON	Sparkasse Sonneberg
84055050	HELADEF1WAK	Wartburg-Sparkasse
84064798	GENODEF1MLF	Genobank Rhön-Grabfeld
84069065	GENODEF1SSG	Raiffeisenbank Schleusingen -alt-
84080000	DRESDEFF843	Commerzbank vormals Dresdner Bank
84094754	GENODEF1SAL	VR-Bank in Nordhessen Westthüringen
84094755	GENODEF1SAL	VR-Bank Bad Salzungen Schmalkalden GAA
84094814	GENODEF1SHL	Volksbank Thüringen Mitte
85010500	SABDDE81XXX	Sächsische Aufbaubank -Förderbank-
85020086	HYVEDEMM496	UniCredit Bank - HypoVereinsbank
85020500	BFSWDE33DRE	SozialBank
85040000	COBADEFFXXX	Commerzbank
85040060	COBADEFFXXX	Commerzbank CC
85040061	COBADEFFXXX	Commerzbank CC
85050100	WELADED1GRL	Sparkasse Oberlausitz-Niederschlesien
85050300	OSDDDE81XXX	Ostsächsische Sparkasse Dresden
85055000	SOLADES1MEI	Sparkasse Meißen
85060000	GENODEF1PR2	Volksbank Pirna
85065028	GENODEF1SEB	Raiffeisenbank Neustadt, Sachs -alt-
85080000	DRESDEFF850	Commerzbank vormals Dresdner Bank
85080085	DRESDEFFJ29	Commerzbank vormals Dresdner Bank, PCC DCC-ITGK 1
85080086	DRESDEFFJ30	Commerzbank vormals Dresdner Bank, PCC DCC-ITGK 2
85080200	DRESDEFF857	Commerzbank vormals Dresdner Bank
85089270	DRESDEFFI15	Commerzbank vormals Dresdner Bank ITGK
85090000	GENODEF1DRS	Volksbank Dresden-Bautzen
85094984	GENODEF1RIE	Volksbank Riesa
85095004	GENODEF1MEI	Volksbank Raiffeisenbank Meißen Großenhain
85550000	SOLADES1BAT	Kreissparkasse Bautzen
85590000	GENODEF1BZV	Volksbank Bautzen -alt-
85590100	GENODEF1NGS	Volksbank Löbau-Zittau
85591000	GENODEF1GR1	Volksbank Raiffeisenbank Niederschlesien
86000000	MARKDEF1860	Bundesbank
86010090	PBNKDEFFXXX	Postbank Ndl der Deutsche Bank
86010424	AARBDE5W860	Aareal Bank ehem. Filiale Leipzig
86020086	HYVEDEMM495	UniCredit Bank - HypoVereinsbank
86020500	BFSWDE33LPZ	SozialBank
86021000	AIPGDE82XXX	aifinyo payments
86033300	SCFBDE33XXX	Openbank Deutschland
86040000	COBADEFFXXX	Commerzbank
86040060	COBADEFFXXX	Commerzbank CC
86040061	COBADEFFXXX	Commerzbank CC
86050000	SOLADEST861	ZV Landesbank Baden-Württemberg
86050200	SOLADES1GRM	Sparkasse Muldental
86050600	WELADED1TGU	Kreissparkasse Torgau-Oschatz -alt-
86055002	SOLADES1DES	Sparkasse Delitzsch-Eilenburg -alt-
86055462	SOLADES1DLN	Kreissparkasse Döbeln
86055592	WELADE8LXXX	Stadt- und Kreissparkasse Leipzig
86065448	GENODEF1BOA	VR Bank Leipziger Land
86065468	GENODEF1DL1	VR-Bank Mittelsachsen
86065483	GENODEF1GMR	Raiffeisenbank Grimma
86069070	GENODEF1TGB	Raiffeisenbank -alt-
86070000	DEUTDE8LXXX	Deutsche Bank
86070024	DEUTDEDBLEG	Deutsche Bank
86070407	DEUTDE8LP37	Postbank/DSL Ndl der Deutsche Bank
86070424	DEUTDEDBP37	Postbank/DSL Ndl der Deutsche Bank
86080000	DRESDEFF860	Commerzbank vormals Dresdner Bank
86080055	DRESDEFF862	Commerzbank vormals Dresdner Bank Zw 55
86080057	DRESDEFF867	Commerzbank vormals Dresdner Bank Gf ZW 57
86080085	DRESDEFFJ31	Commerzbank vormals Dresdner Bank, PCC DCC-ITGK 1
86080086	DRESDEFFJ32	Commerzbank vormals Dresdner Bank, PCC DCC-ITGK 2
86089280	DRESDEFFI16	Commerzbank vormals Dresdner Bank ITGK
86095484	GENODEF1GMV	Volks- und Raiffeisenbank Muldental
86095554	GENODEF1DZ1	Volksbank Delitzsch
86095604	GENODEF1LVB	Leipziger Volksbank
87000000	MARKDEF1870	Bundesbank
87020086	HYVEDEMM497	UniCredit Bank - HypoVereinsbank
87020087	HYVEDEMM481	UniCredit Bank - HypoVereinsbank
87020088	HYVEDEMM441	UniCredit Bank - HypoVereinsbank
87040000	COBADEFFXXX	Commerzbank
87050000	CHEKDE81XXX	Sparkasse Chemnitz
87051000	WELADED1MTW	Sparkasse Mittelsachsen -alt-
87052000	WELADED1FGX	Sparkasse Mittelsachsen
87054000	WELADED1STB	Erzgebirgssparkasse
87055000	WELADED1ZWI	Sparkasse Zwickau
87058000	WELADED1PLX	Sparkasse Vogtland
87069075	GENODEF1MBG	Volksbank Mittleres Erzgebirge
87069077	GENODEF1BST	Vereinigte Raiffeisenbank Burgstädt
87070000	DEUTDE8CXXX	Deutsche Bank
87070024	DEUTDEDBCHE	Deutsche Bank
87070406	DEUTDE8CP36	Postbank/DSL Ndl der Deutsche Bank
87070424	DEUTDEDBP36	Postbank/DSL Ndl der Deutsche Bank
87080000	DRESDEFF870	Commerzbank vormals Dresdner Bank
87095824	GENODEF1PL1	Volksbank Vogtland-Saale-Orla
87095899	GENODEF1EXT	Volksbank Vogtland GAA
87095934	GENODEF1Z01	Volksbank Zwickau
87095974	GENODEF1GC1	Volksbank-Raiffeisenbank Glauchau
87096124	GENODEF1MIW	Volksbank Mittweida
87096214	GENODEF1CH1	Volksbank Chemnitz
